id,name,stream_url,logo,poster,background,genre,country,language,quality,type,is_active
tv_amazonica_tv_iquitoslink,AMAZONICA TV IQUITOS,http://38.183.182.166:8000/play/a0yx/index.m3u8,logos/tv_amazonica_tv_iquitoslink.png,poster/tv_amazonica_tv_iquitoslink-poster.png,background/tv_amazonica_tv_iquitoslink.jpg,"TV Local, General",Internacional,es,Auto,tv,true
tv_karibea_hd_cesar,KARIBEÑA,http://38.183.182.166:8000/play/a124/index.m3u8,,poster/tv_karibea_hd_cesar-poster.png,background/tv_karibea_hd_cesar.jpg,"TV Local, General",España,es,Auto,tv,true
tv_latina_per,Latina Perú,http://redirector.rudo.video/hls-video/567ffde3fa319fadf3419efda25619456231dfea/latina/latina.smil/playlist.m3u8,,poster/tv_latina_per-poster.png,background/tv_latina_per.jpg,"TV Local, General",Perú,es,Auto,tv,true
tv_latinacarcasi,LATINA,http://38.183.182.166:8000/play/a147/index.m3u8,,poster/tv_latinacarcasi-poster.png,background/tv_latinacarcasi.jpg,"TV Local, General",Argentina,es,Auto,tv,true
tv_america_tvcarcasi,AMERICA TV,http://38.183.182.166:8000/play/a146/index.m3u8,logos/tv_america_tvcarcasi.png,poster/tv_america_tvcarcasi-poster.png,background/tv_america_tvcarcasi.jpg,"Entretenimiento, General",Argentina,es,Auto,tv,true
tv_america_tv_hd,America TV,http://38.183.182.166:8000/play/a0rb/index.m3u8,,poster/tv_america_tv_hd-poster.png,background/tv_america_tv_hd.jpg,"Entretenimiento, General",Perú,es,Auto,tv,true
tv_panamericanaever,PANAMERICANA,http://38.183.182.166:8000/play/a0ii/index.m3u8,logos/tv_panamericanaever.png,poster/tv_panamericanaever-poster.png,background/tv_panamericanaever.jpg,"TV Local, General",Perú,es,Auto,tv,true
tv_panamericana,Panamericana,http://201.230.121.186:8000/play/a0ov/index.m3u8,,poster/tv_panamericana-poster.png,background/tv_panamericana.jpg,"TV Local, General",Perú,es,Auto,tv,true
tv_atv_ever,ATV +,http://38.183.182.166:8000/play/a0fa/index.m3u8,logos/tv_atv_ever.png,poster/tv_atv_ever-poster.png,background/tv_atv_ever.jpg,"TV Local, General",Internacional,es,Auto,tv,true
tv_atv_cesar_apaza,ATV,http://38.183.182.166:8000/play/a10m/index.m3u8,,poster/tv_atv_cesar_apaza-poster.png,background/tv_atv_cesar_apaza.jpg,"TV Local, General",España,es,Auto,tv,true
tv_disney_channel,Disney Channel,http://170.244.209.135:8000/play/a0gm/index.m3u8,,poster/tv_disney_channel-poster.png,background/tv_disney_channel.jpg,"TV Premium, General",Internacional,es,Auto,tv,true
tv_negocios_tv,Negocios TV,http://streaming013.gestec-video.com/hls/negociostv.m3u8,https://pbs.twimg.com/profile_images/1321367703731523584/bNMmbetI_200x200.jpg,poster/tv_negocios_tv-poster.png,background/tv_negocios_tv.jpg,"Negocios, General",Internacional,es,Auto,tv,true
tv_liga1max_carcasi,LIGA1-MAX,http://38.183.182.166:8000/play/a12t/index.m3u8,,poster/tv_liga1max_carcasi-poster.png,background/tv_liga1max_carcasi.jpg,"Deportes, General",Argentina,es,Auto,tv,true
tv_espn_premium_hd,ESPN Premium,http://38.183.182.166:8000/play/a0re/index.m3u8,logos/tv_espn_premium_hd.png,poster/tv_espn_premium_hd-poster.png,background/tv_espn_premium_hd.jpg,"TV Premium, Deportes, General",España,es,Auto,tv,true
tv_red_bull_tv_en,Red Bull TV EN,http://rbmn-live.akamaized.net/hls/live/590964/BoRB-AT/master.m3u8,logos/tv_red_bull_tv_en.png,poster/tv_red_bull_tv_en-poster.png,background/tv_red_bull_tv_en.jpg,"Deportes, General",Internacional,es,Auto,tv,true
tv_morethansports_tv,MoreThanSports TV,http://mts1.iptv-playoutcenter.de/mts/mts-web/playlist.m3u8,logos/tv_morethansports_tv.png,poster/tv_morethansports_tv-poster.png,background/tv_morethansports_tv.jpg,"Deportes, General",Internacional,es,Auto,tv,true
tv_movistar_deportes_cesar,MOVISTAR DEPORTES,http://38.183.182.166:8000/play/a126/index.m3u8,logos/tv_movistar_deportes_cesar.png,poster/tv_movistar_deportes_cesar-poster.png,background/tv_movistar_deportes_cesar.jpg,"Deportes, General",España,es,Auto,tv,true
tv_win_sports_hd,Win Sports+,http://38.250.127.17:9800/play/a0ac/index.m3u8,,poster/tv_win_sports_hd-poster.png,background/tv_win_sports_hd.jpg,"Deportes, General",Internacional,es,Auto,tv,true
tv_azteca_deportes,Azteca Deportes,http://200.125.170.122:8000/play/a0ek/index.m3u8,,poster/tv_azteca_deportes-poster.png,background/tv_azteca_deportes.jpg,"Deportes, General",México,es,Auto,tv,true
tv_fox_sports_3_hd,FOX SPORTS 3,http://200.125.170.122:8000/play/a05y/index.m3u8,,poster/tv_fox_sports_3_hd-poster.png,background/tv_fox_sports_3_hd.jpg,"Deportes, General",Internacional,es,Auto,tv,true
tv_futv_hd_cr,FUTV CR,http://200.125.170.122:8000/play/a05u/index.m3u8,,poster/tv_futv_hd_cr-poster.png,background/tv_futv_hd_cr.jpg,"Deportes, General",Internacional,es,Auto,tv,true
tv_golf_channel_hd,Golf Channel,http://200.125.170.122:8000/play/a038/index.m3u8,logos/tv_golf_channel_hd.png,poster/tv_golf_channel_hd-poster.png,background/tv_golf_channel_hd.jpg,"Deportes, General",Internacional,es,Auto,tv,true
tv_tyc,TyC,http://201.230.121.186:8000/play/a0fk/index.m3u8,logos/tv_tyc.png,poster/tv_tyc-poster.png,background/tv_tyc.jpg,"Deportes, General",Internacional,es,Auto,tv,true
tv_nick_jr_east_720p,Nick Jr. East,http://fl41.moveonjoy.com/NICK_JR/index.m3u8,https://i.imgur.com/KT4tdQs.png,poster/tv_nick_jr_east_720p-poster.png,background/tv_nick_jr_east_720p.jpg,"TV Premium, Infantil, General",Internacional,es,Auto,tv,true
tv_vam_vids_more_720p,VAM Vid's & More,http://sincerecloud.stream/loadbalancer/public/J9EmQQGf.m3u8,logos/tv_vam_vids_more_720p.png,poster/tv_vam_vids_more_720p-poster.png,background/tv_vam_vids_more_720p.jpg,"TV Premium, General",Internacional,es,Auto,tv,true
tv_axn_hd,AXN,http://38.183.182.166:8000/play/a0vi/index.m3u8,,poster/tv_axn_hd-poster.png,background/tv_axn_hd.jpg,"TV Premium, General",Internacional,es,Auto,tv,true
tv_animal_planet_hd,Animal Planet,http://38.183.182.166:8000/play/a0v7/index.m3u8,,poster/tv_animal_planet_hd-poster.png,background/tv_animal_planet_hd.jpg,"TV Premium, General",Internacional,es,Auto,tv,true
tv_comedy_central_hd,Comedy Central,http://38.183.182.166:8000/play/a0vb/index.m3u8,,poster/tv_comedy_central_hd-poster.png,background/tv_comedy_central_hd.jpg,"TV Premium, Comedia, General",Colombia,es,Auto,tv,true
tv_discovery_channel_hd,Discovery Channel,http://38.183.182.166:8000/play/a0v8/index.m3u8,,poster/tv_discovery_channel_hd-poster.png,background/tv_discovery_channel_hd.jpg,"TV Premium, Documentales, General",Colombia,es,Auto,tv,true
tv_discovery_hh_hd,Discovery H&H,http://38.183.182.166:8000/play/a0vq/index.m3u8,logos/tv_discovery_hh_hd.png,poster/tv_discovery_hh_hd-poster.png,background/tv_discovery_hh_hd.jpg,"TV Premium, Documentales, Estilo de Vida, General",Colombia,es,Auto,tv,true
tv_discovery_kids_hd,Discovery Kids,http://38.183.182.166:8000/play/a0vp/index.m3u8,logos/tv_discovery_kids_hd.png,poster/tv_discovery_kids_hd-poster.png,background/tv_discovery_kids_hd.jpg,"TV Premium, Infantil, Documentales, General",Colombia,es,Auto,tv,true
tv_discovery_science,Discovery Science,http://38.183.182.166:8000/play/a0rr/index.m3u8,logos/tv_discovery_science.png,poster/tv_discovery_science-poster.png,background/tv_discovery_science.jpg,"TV Premium, Documentales, General",Colombia,es,Auto,tv,true
tv_discovery_theater_hd,Discovery Theater,http://38.183.182.166:8000/play/a0vr/index.m3u8,logos/tv_discovery_theater_hd.png,poster/tv_discovery_theater_hd-poster.png,background/tv_discovery_theater_hd.jpg,"TV Premium, Documentales, General",Colombia,es,Auto,tv,true
tv_discovery_turbo,Discovery Turbo,http://38.183.182.166:8000/play/a0uy/index.m3u8,logos/tv_discovery_turbo.png,poster/tv_discovery_turbo-poster.png,background/tv_discovery_turbo.jpg,"TV Premium, Documentales, Música, General",Colombia,es,Auto,tv,true
tv_disney_hd,Disney,http://38.183.182.166:8000/play/a0zs/index.m3u8,logos/tv_disney_hd.png,poster/tv_disney_hd-poster.png,background/tv_disney_hd.jpg,"TV Premium, General",Internacional,es,Auto,tv,true
tv_disney_junior,Disney Junior,http://38.183.182.166:8000/play/a0uw/index.m3u8,logos/tv_disney_junior.png,poster/tv_disney_junior-poster.png,background/tv_disney_junior.jpg,"TV Premium, Infantil, General",Internacional,es,Auto,tv,true
tv_disney_junior_sur_jrs02,Disney Junior Sur (JRS02),http://38.183.182.166:8000/play/a0j9/index.m3u8,logos/tv_disney_junior_sur_jrs02.png,poster/tv_disney_junior_sur_jrs02-poster.png,background/tv_disney_junior_sur_jrs02.jpg,"TV Premium, General",Internacional,es,Auto,tv,true
tv_disney_sur_dcs01,Disney Sur (DCS01),http://38.183.182.166:8000/play/a0j8/index.m3u8,logos/tv_disney_sur_dcs01.png,poster/tv_disney_sur_dcs01-poster.png,background/tv_disney_sur_dcs01.jpg,"TV Premium, General",Internacional,es,Auto,tv,true
tv_espn_2_hd,ESPN 2,http://38.183.182.166:8000/play/a0vw/index.m3u8,,poster/tv_espn_2_hd-poster.png,background/tv_espn_2_hd.jpg,"TV Premium, Deportes, General",España,es,Auto,tv,true
tv_espn_3_hd,ESPN 3,http://38.183.182.166:8000/play/a0x0/index.m3u8,,poster/tv_espn_3_hd-poster.png,background/tv_espn_3_hd.jpg,"TV Premium, Deportes, General",España,es,Auto,tv,true
tv_espn_4_hd,ESPN 4,http://200.125.170.122:8000/play/a0en/index.m3u8,,poster/tv_espn_4_hd-poster.png,background/tv_espn_4_hd.jpg,"TV Premium, Deportes, General",España,es,Auto,tv,true
tv_espn_7hd,ESPN 7,http://38.183.182.166:8000/play/a0wt/index.m3u8,logos/tv_espn_7hd.png,poster/tv_espn_7hd-poster.png,background/tv_espn_7hd.jpg,"TV Premium, Deportes, General",España,es,Auto,tv,true
tv_espn_5_hd,ESPN 5,http://200.12.41.194:8000/play/a065/index.m3u8,logos/tv_espn_5_hd.png,poster/tv_espn_5_hd-poster.png,background/tv_espn_5_hd.jpg,"TV Premium, Deportes, General",España,es,Auto,tv,true
tv_espn_6,ESPN 6,http://38.183.182.166:8000/play/a0iu/index.m3u8,logos/tv_espn_6.png,poster/tv_espn_6-poster.png,background/tv_espn_6.jpg,"TV Premium, Deportes, General",España,es,Auto,tv,true
tv_espn_7_nuplin,ESPN 7,http://38.183.182.166:8000/play/a0iq/index.m3u8,logos/tv_espn_7_nuplin.png,poster/tv_espn_7_nuplin-poster.png,background/tv_espn_7_nuplin.jpg,"TV Premium, Deportes, General",España,es,Auto,tv,true
tv_fx_hd,FX,http://38.183.182.166:8000/play/a0ww/index.m3u8,,poster/tv_fx_hd-poster.png,background/tv_fx_hd.jpg,"TV Premium, General",Internacional,es,Auto,tv,true
tv_france_24,France 24,http://38.183.182.166:8000/play/a0t4/index.m3u8,logos/tv_france_24.png,poster/tv_france_24-poster.png,background/tv_france_24.jpg,"TV Premium, Noticias, General",Internacional,es,Auto,tv,true
tv_golden_hd,Golden,http://38.183.182.166:8000/play/a0rm/index.m3u8,logos/tv_golden_hd.png,poster/tv_golden_hd-poster.png,background/tv_golden_hd.jpg,"TV Premium, General",Internacional,es,Auto,tv,true
tv_golden_edge,Golden Edge,http://38.183.182.166:8000/play/a0sc/index.m3u8,,poster/tv_golden_edge-poster.png,background/tv_golden_edge.jpg,"TV Premium, General",Internacional,es,Auto,tv,true
tv_hbo_2_hd,HBO 2,http://190.102.246.93:9005/play/a01g,,poster/tv_hbo_2_hd-poster.png,background/tv_hbo_2_hd.jpg,"TV Premium, General",Internacional,es,Auto,tv,true
tv_hbo_family_hd,HBO Family,http://38.183.182.166:8000/play/a0rg/index.m3u8,,poster/tv_hbo_family_hd-poster.png,background/tv_hbo_family_hd.jpg,"TV Premium, Infantil, General",Internacional,es,Auto,tv,true
tv_hbo_mundi,HBO MUNDI,http://38.183.182.166:8000/play/a0t2/index.m3u8,,poster/tv_hbo_mundi-poster.png,background/tv_hbo_mundi.jpg,"TV Premium, General",Internacional,es,Auto,tv,true
tv_hbo_pop_hd,HBO POP,http://38.183.182.166:8000/play/a0vx/index.m3u8,,poster/tv_hbo_pop_hd-poster.png,background/tv_hbo_pop_hd.jpg,"TV Premium, General",Internacional,es,Auto,tv,true
tv_hbo_plus_hd,HBO Plus,http://200.125.170.122:8000/play/a010/index.m3u8,logos/tv_hbo_plus_hd.png,poster/tv_hbo_plus_hd-poster.png,background/tv_hbo_plus_hd.jpg,"TV Premium, General",Internacional,es,Auto,tv,true
tv_hbo_signature,HBO Signature,http://38.183.182.166:8000/play/a0t1/index.m3u8,logos/tv_hbo_signature.png,poster/tv_hbo_signature-poster.png,background/tv_hbo_signature.jpg,"TV Premium, Documentales, General",Internacional,es,Auto,tv,true
tv_hgtv,HGTV,http://38.183.182.166:8000/play/a0rz/index.m3u8,logos/tv_hgtv.png,poster/tv_hgtv-poster.png,background/tv_hgtv.jpg,"TV Premium, General",Internacional,es,Auto,tv,true
tv_id_hd,ID,http://38.183.182.166:8000/play/a0vj/index.m3u8,logos/tv_id_hd.png,poster/tv_id_hd-poster.png,background/tv_id_hd.jpg,"TV Premium, General",Internacional,es,Auto,tv,true
tv_mtv_00s_hd,MTV 00s,http://38.183.182.166:8000/play/a0zz/index.m3u8,logos/tv_mtv_00s_hd.png,poster/tv_mtv_00s_hd-poster.png,background/tv_mtv_00s_hd.jpg,"TV Premium, General",Internacional,es,Auto,tv,true
tv_mtv_hd,MTV,http://38.183.182.166:8000/play/a0vo/index.m3u8,logos/tv_mtv_hd.png,poster/tv_mtv_hd-poster.png,background/tv_mtv_hd.jpg,"TV Premium, General",Internacional,es,Auto,tv,true
tv_mtv_live_hd,MTV LIVE,http://38.183.182.166:8000/play/a0wy/index.m3u8,logos/tv_mtv_live_hd.png,poster/tv_mtv_live_hd-poster.png,background/tv_mtv_live_hd.jpg,"TV Premium, General",Internacional,es,Auto,tv,true
tv_paramount_hd,Paramount,http://38.183.182.166:8000/play/a0v6/index.m3u8,logos/tv_paramount_hd.png,poster/tv_paramount_hd-poster.png,background/tv_paramount_hd.jpg,"TV Premium, General",Argentina,es,Auto,tv,true
tv_rtever,RT,http://38.183.182.166:8000/play/a0ij/index.m3u8,logos/tv_rtever.png,poster/tv_rtever-poster.png,background/tv_rtever.jpg,"TV Premium, General",Internacional,es,Auto,tv,true
tv_sony_hd,Sony,http://38.183.182.166:8000/play/a0vg/index.m3u8,,poster/tv_sony_hd-poster.png,background/tv_sony_hd.jpg,"TV Premium, General",Internacional,es,Auto,tv,true
tv_space_hd,Space,http://38.183.182.166:8000/play/a0vk/index.m3u8,,poster/tv_space_hd-poster.png,background/tv_space_hd.jpg,"TV Premium, General",Internacional,es,Auto,tv,true
tv_studio_universal_hd,Studio Universal,http://38.183.182.166:8000/play/a0r8/index.m3u8,,poster/tv_studio_universal_hd-poster.png,background/tv_studio_universal_hd.jpg,"TV Premium, General",Internacional,es,Auto,tv,true
tv_tlc,TLC,http://38.183.182.166:8000/play/a0rq/index.m3u8,logos/tv_tlc.png,poster/tv_tlc-poster.png,background/tv_tlc.jpg,"TV Premium, General",Internacional,es,Auto,tv,true
tv_tnt_hd,TNT,http://38.183.182.166:8000/play/a0ve/index.m3u8,logos/tv_tnt_hd.png,poster/tv_tnt_hd-poster.png,background/tv_tnt_hd.jpg,"TV Premium, General",Argentina,es,Auto,tv,true
tv_tnt_novelas_hd,TNT Novelas,http://38.183.182.166:8000/play/a0wz/index.m3u8,logos/tv_tnt_novelas_hd.png,poster/tv_tnt_novelas_hd-poster.png,background/tv_tnt_novelas_hd.jpg,"TV Premium, General",Argentina,es,Auto,tv,true
tv_tnt_series_hd,TNT Series,http://38.183.182.166:8000/play/a0wv/index.m3u8,logos/tv_tnt_series_hd.png,poster/tv_tnt_series_hd-poster.png,background/tv_tnt_series_hd.jpg,"TV Premium, Series, General",España,es,Auto,tv,true
tv_tnt_sports_premiun_hd,TNT Sports Premiun,http://38.183.182.166:8000/play/a0vv/index.m3u8,logos/tv_tnt_sports_premiun_hd.png,poster/tv_tnt_sports_premiun_hd-poster.png,background/tv_tnt_sports_premiun_hd.jpg,"TV Premium, Deportes, General",Argentina,es,Auto,tv,true
tv_universal_channel_hd,UNIVERSAL CHANNEL,http://38.183.182.166:8000/play/a0wr/index.m3u8,logos/tv_universal_channel_hd.png,poster/tv_universal_channel_hd-poster.png,background/tv_universal_channel_hd.jpg,"TV Premium, General",Internacional,es,Auto,tv,true
tv_warner_channel_hd,Warner Channel,http://38.183.182.166:8000/play/a0vh/index.m3u8,logos/tv_warner_channel_hd.png,poster/tv_warner_channel_hd-poster.png,background/tv_warner_channel_hd.jpg,"TV Premium, General",Argentina,es,Auto,tv,true
tv_fox_news,Fox News,http://38.250.127.17:9800/play/a06r/index.m3u8,logos/tv_fox_news.png,poster/tv_fox_news-poster.png,background/tv_fox_news.jpg,"TV Premium, Noticias, General",Internacional,es,Auto,tv,true
tv_espn_7,ESPN 7,http://170.244.209.135:8000/play/a0ft/index.m3u8,logos/tv_espn_7.png,poster/tv_espn_7-poster.png,background/tv_espn_7.jpg,"TV Premium, Deportes, General",España,es,Auto,tv,true
tv_sony_movies_hd,Sony Movies,http://200.125.170.122:8000/play/a02o/index.m3u8,logos/tv_sony_movies_hd.png,poster/tv_sony_movies_hd-poster.png,background/tv_sony_movies_hd.jpg,"TV Premium, Películas, General",España,es,Auto,tv,true
tv_concert_channel,Concert Channel,http://200.125.170.122:8000/play/a05g/index.m3u8,logos/tv_concert_channel.png,poster/tv_concert_channel-poster.png,background/tv_concert_channel.jpg,"TV Premium, General",Colombia,es,Auto,tv,true
tv_discovery_id_hd,Discovery ID,http://200.125.170.122:8000/play/a066/index.m3u8,logos/tv_discovery_id_hd.png,poster/tv_discovery_id_hd-poster.png,background/tv_discovery_id_hd.jpg,"TV Premium, Documentales, General",Colombia,es,Auto,tv,true
tv_disney_jr,Disney JR,http://200.125.170.122:8000/play/a0cq/index.m3u8,logos/tv_disney_jr.png,poster/tv_disney_jr-poster.png,background/tv_disney_jr.jpg,"TV Premium, Infantil, General",Internacional,es,Auto,tv,true
tv_golden_premiere_2_hd,Golden Premiere 2,http://200.125.170.122:8000/play/a00m/index.m3u8,logos/tv_golden_premiere_2_hd.png,poster/tv_golden_premiere_2_hd-poster.png,background/tv_golden_premiere_2_hd.jpg,"TV Premium, Películas, General",Internacional,es,Auto,tv,true
tv_golden_premiere_hd,Golden Premiere,http://200.125.170.122:8000/play/a00l/index.m3u8,logos/tv_golden_premiere_hd.png,poster/tv_golden_premiere_hd-poster.png,background/tv_golden_premiere_hd.jpg,"TV Premium, Películas, General",Internacional,es,Auto,tv,true
tv_hbo2_hd,HBO2,http://200.125.170.122:8000/play/a00z/index.m3u8,logos/tv_hbo2_hd.png,poster/tv_hbo2_hd-poster.png,background/tv_hbo2_hd.jpg,"TV Premium, General",Internacional,es,Auto,tv,true
tv_latin_america_sport,Latin America Sport,http://200.125.170.122:8000/play/a046/index.m3u8,logos/tv_latin_america_sport.png,poster/tv_latin_america_sport-poster.png,background/tv_latin_america_sport.jpg,"TV Premium, Deportes, General",Internacional,es,Auto,tv,true
tv_multipremier,Multipremier,http://200.125.170.122:8000/play/a05j/index.m3u8,,poster/tv_multipremier-poster.png,background/tv_multipremier.jpg,"TV Premium, General",Internacional,es,Auto,tv,true
tv_universal_cinema_este_hd,UNIVERSAL CINEMA ESTE,http://200.125.170.122:8000/play/a067/index.m3u8,logos/tv_universal_cinema_este_hd.png,poster/tv_universal_cinema_este_hd-poster.png,background/tv_universal_cinema_este_hd.jpg,"TV Premium, Películas, General",España,es,Auto,tv,true
tv_universal_comedy_hd,UNIVERSAL COMEDY,http://200.125.170.122:8000/play/a04s/index.m3u8,logos/tv_universal_comedy_hd.png,poster/tv_universal_comedy_hd-poster.png,background/tv_universal_comedy_hd.jpg,"TV Premium, Comedia, General",Colombia,es,Auto,tv,true
tv_universal_crime_hd,UNIVERSAL CRIME,http://200.125.170.122:8000/play/a04r/index.m3u8,logos/tv_universal_crime_hd.png,poster/tv_universal_crime_hd-poster.png,background/tv_universal_crime_hd.jpg,"TV Premium, General",Internacional,es,Auto,tv,true
tv_universal_premiere_o_hd,UNIVERSAL PREMIERE O,http://200.125.170.122:8000/play/a04p/index.m3u8,logos/tv_universal_premiere_o_hd.png,poster/tv_universal_premiere_o_hd-poster.png,background/tv_universal_premiere_o_hd.jpg,"TV Premium, General",Internacional,es,Auto,tv,true
tv_universal_reality_hd,UNIVERSAL REALITY,http://200.125.170.122:8000/play/a04q/index.m3u8,,poster/tv_universal_reality_hd-poster.png,background/tv_universal_reality_hd.jpg,"TV Premium, General",Internacional,es,Auto,tv,true
tv_universal,Universal,http://200.125.170.122:8000/play/a05h/index.m3u8,,poster/tv_universal-poster.png,background/tv_universal.jpg,"TV Premium, General",Internacional,es,Auto,tv,true
tv_dsport,DSPORT,http://201.230.121.186:8000/play/a0od/index.m3u8,logos/tv_dsport.png,poster/tv_dsport-poster.png,background/tv_dsport.jpg,"TV Premium, Deportes, General",Internacional,es,Auto,tv,true
tv_warner,Warner,http://201.230.121.186:8000/play/a0fe/index.m3u8,logos/tv_warner.png,poster/tv_warner-poster.png,background/tv_warner.jpg,"TV Premium, General",Argentina,es,Auto,tv,true
tv_rt_espaol,RT Español,http://200.12.41.194:8000/play/a03j/index.m3u8,,poster/tv_rt_espaol-poster.png,background/tv_rt_espaol.jpg,"TV Premium, General",España,es,Auto,tv,true
tv_tyc_sport,TyC SPORT,http://200.12.41.194:8000/play/a00i/index.m3u8,,poster/tv_tyc_sport-poster.png,background/tv_tyc_sport.jpg,"TV Premium, Deportes, General",Internacional,es,Auto,tv,true
tv_unicable,UNICABLE,http://200.12.41.194:8000/play/a00n/index.m3u8,logos/tv_unicable.png,poster/tv_unicable-poster.png,background/tv_unicable.jpg,"TV Premium, General",Internacional,es,Auto,tv,true
tv_fx_movies_hd,FX Movies,http://200.12.41.194:8000/play/a0gx/index.m3u8,logos/tv_fx_movies_hd.png,poster/tv_fx_movies_hd-poster.png,background/tv_fx_movies_hd.jpg,"TV Premium, Películas, General",España,es,Auto,tv,true
tv_sony_channel_hd,SONY CHANNEL,http://200.12.41.194:8000/play/a0hp/index.m3u8,logos/tv_sony_channel_hd.png,poster/tv_sony_channel_hd-poster.png,background/tv_sony_channel_hd.jpg,"TV Premium, General",Internacional,es,Auto,tv,true
tv_fox_sport_3,Fox Sport 3,http://179.51.136.19:8000/play/a0ul/index.m3u8,logos/tv_fox_sport_3.png,poster/tv_fox_sport_3-poster.png,background/tv_fox_sport_3.jpg,"TV Premium, Deportes, General",Internacional,es,Auto,tv,true
tv_discovery_home_health,Discovery Home & Health,http://179.51.136.19:8000/play/a18k/index.m3u8,logos/tv_discovery_home_health.png,poster/tv_discovery_home_health-poster.png,background/tv_discovery_home_health.jpg,"TV Premium, Documentales, Estilo de Vida, General",Colombia,es,Auto,tv,true
tv_hbo_mundi_copia,HBO MUNDI (COPIA),http://179.51.136.19:8000/play/a1my/index.m3u8,logos/tv_hbo_mundi_copia.png,poster/tv_hbo_mundi_copia-poster.png,background/tv_hbo_mundi_copia.jpg,"TV Premium, General",Colombia,es,Auto,tv,true
tv_id_investigation_discovery,ID - Investigation Discovery,http://179.51.136.19:8000/play/a1k7/index.m3u8,logos/tv_id_investigation_discovery.png,poster/tv_id_investigation_discovery-poster.png,background/tv_id_investigation_discovery.jpg,"TV Premium, Documentales, General",España,es,Auto,tv,true
tv_movistar_tv,Movistar TV,http://179.51.136.19:8000/play/a1hu/index.m3u8,logos/tv_movistar_tv.png,poster/tv_movistar_tv-poster.png,background/tv_movistar_tv.jpg,"TV Premium, General",Argentina,es,Auto,tv,true
tv_tnt_sports_hd,TNT SPORTS,http://179.51.136.19:8000/play/a0px/index.m3u8,,poster/tv_tnt_sports_hd-poster.png,background/tv_tnt_sports_hd.jpg,"TV Premium, Deportes, General",Argentina,es,Auto,tv,true
tv_sport_ex,SPORT EX,http://190.102.246.93:9005/play/a03k,logos/tv_sport_ex.png,poster/tv_sport_ex-poster.png,background/tv_sport_ex.jpg,"TV Premium, Deportes, General",Internacional,es,Auto,tv,true
tv_syfy,SYFY,http://190.102.246.93:9005/play/a03r,logos/tv_syfy.png,poster/tv_syfy-poster.png,background/tv_syfy.jpg,"TV Premium, General",Internacional,es,Auto,tv,true
tv_stingray_concert,Stingray Concert,http://190.102.246.93:9005/play/a02t,logos/tv_stingray_concert.png,poster/tv_stingray_concert-poster.png,background/tv_stingray_concert.jpg,"TV Premium, Música, General",Colombia,es,Auto,tv,true
tv_70w_hbo_family_hd,HBO Family,http://181.189.244.253:8000/play/a01b/index.m3u8,logos/tv_70w_hbo_family_hd.png,poster/tv_70w_hbo_family_hd-poster.png,background/tv_70w_hbo_family_hd.jpg,"TV Premium, Infantil, General",Internacional,es,Auto,tv,true
tv_70w_hbo_hd,HBO,http://181.189.244.253:8000/play/a018/index.m3u8,logos/tv_70w_hbo_hd.png,poster/tv_70w_hbo_hd-poster.png,background/tv_70w_hbo_hd.jpg,"TV Premium, General",Internacional,es,Auto,tv,true
tv_70w_hbo_plus_hd,HBO Plus,http://181.189.244.253:8000/play/a01a/index.m3u8,logos/tv_70w_hbo_plus_hd.png,poster/tv_70w_hbo_plus_hd-poster.png,background/tv_70w_hbo_plus_hd.jpg,"TV Premium, General",Internacional,es,Auto,tv,true
tv_70w_hbo_xtreme,HBO XTREME,http://181.189.244.253:8000/play/a01c/index.m3u8,logos/tv_70w_hbo_xtreme.png,poster/tv_70w_hbo_xtreme-poster.png,background/tv_70w_hbo_xtreme.jpg,"TV Premium, General",Internacional,es,Auto,tv,true
tv_70w_hbo2_hd,HBO2,http://181.189.244.253:8000/play/a019/index.m3u8,logos/tv_70w_hbo2_hd.png,poster/tv_70w_hbo2_hd-poster.png,background/tv_70w_hbo2_hd.jpg,"TV Premium, General",Internacional,es,Auto,tv,true
tv_pbs_kids_easterncentral_720p,PBS Kids Eastern Central,http://2-fss-2.streamhoster.com/pl_140/amlst:200914-1298290/playlist.m3u8,logos/tv_pbs_kids_easterncentral_720p.png,poster/tv_pbs_kids_easterncentral_720p-poster.png,background/tv_pbs_kids_easterncentral_720p.jpg,"Infantil, Educativo, General",Internacional,es,Auto,tv,true
tv_super_simple_songs_1080p,Super Simple Songs,http://janson-supersimplesongs-1-us.roku.wurl.tv/playlist.m3u8,logos/tv_super_simple_songs_1080p.png,poster/tv_super_simple_songs_1080p-poster.png,background/tv_super_simple_songs_1080p.jpg,"Infantil, General",Perú,es,Auto,tv,true
tv_3abn_kids,3ABN Kids,http://3abn.bozztv.com/3abn2/Kids_live/smil:Kids_live.smil/playlist.m3u8,logos/tv_3abn_kids.png,poster/tv_3abn_kids-poster.png,background/tv_3abn_kids.jpg,"Infantil, General",Internacional,es,Auto,tv,true
tv_ninja_kidz_tv,Ninja Kidz TV,http://playworksdigital-ninjakidztv-1-us.xumo.wurl.tv/playlist.m3u8,logos/tv_ninja_kidz_tv.png,poster/tv_ninja_kidz_tv-poster.png,background/tv_ninja_kidz_tv.jpg,"Infantil, General",Internacional,es,SD,tv,true
tv_baby_shark_tv_720p,Baby Shark TV,http://newidco-babysharktv-1-eu.rakuten.wurl.tv/playlist.m3u8,logos/tv_baby_shark_tv_720p.png,poster/tv_baby_shark_tv_720p-poster.png,background/tv_baby_shark_tv_720p.jpg,"Infantil, General",Argentina,es,Auto,tv,true
tv_xtrema_cartoons,Xtrema Cartoons,http://stmv6.voxtvhd.com.br/xtremacartoons/xtremacartoons/playlist.m3u8,logos/tv_xtrema_cartoons.png,poster/tv_xtrema_cartoons-poster.png,background/tv_xtrema_cartoons.jpg,"Infantil, General",Argentina,es,HD,tv,true
tv_moonbug_kids_1080p,Moonbug Kids,http://moonbug-rokuus.amagi.tv/playlist.m3u8,logos/tv_moonbug_kids_1080p.png,poster/tv_moonbug_kids_1080p-poster.png,background/tv_moonbug_kids_1080p.jpg,"Infantil, General",Internacional,es,Auto,tv,true
tv_akc_tv_dogs_en,AKC TV Dogs EN,http://install.akctvcontrol.com/speed/broadcast/138/desktop-playlist.m3u8,logos/tv_akc_tv_dogs_en.png,poster/tv_akc_tv_dogs_en-poster.png,background/tv_akc_tv_dogs_en.jpg,"Infantil, General",Internacional,es,Auto,tv,true
tv_pbs_kids_hawaii,PBS Kids Hawaii,http://livestream.pbskids.org/out/v1/aa31792fee094b24b09045483f04d150/hast.m3u8,https://i.imgur.com/ambc9le.png,poster/tv_pbs_kids_hawaii-poster.png,background/tv_pbs_kids_hawaii.jpg,"Infantil, Educativo, General",Internacional,es,Auto,tv,true
tv_pbs_kids_alaska_1080p,PBS Kids Alaska,http://livestream.pbskids.org/out/v1/94b88ad58fc14f84a9382341f1c00b82/akst.m3u8,https://i.imgur.com/ambc9le.png,poster/tv_pbs_kids_alaska_1080p-poster.png,background/tv_pbs_kids_alaska_1080p.jpg,"Infantil, Educativo, General",Internacional,es,Auto,tv,true
tv_pbs_kids_mountain_1080p,PBS Kids Mountain,http://livestream.pbskids.org/out/v1/3fe3030a2c8045a3932f4289d9eba3e6/mst.m3u8,https://i.imgur.com/ambc9le.png,poster/tv_pbs_kids_mountain_1080p-poster.png,background/tv_pbs_kids_mountain_1080p.jpg,"Infantil, Educativo, General",Internacional,es,Auto,tv,true
tv_pbs_kids,PBS Kids,http://livestream.pbskids.org/out/v1/14507d931bbe48a69287e4850e53443c/est.m3u8,https://i.imgur.com/q4cUQKW.png,poster/tv_pbs_kids-poster.png,background/tv_pbs_kids.jpg,"Infantil, Educativo, General",Internacional,es,Auto,tv,true
tv_pbs_kids_pacific_1080p,PBS Kids Pacific,http://livestream.pbskids.org/out/v1/11f2e6b73eaa4887b3746cb863960e79/pst.m3u8,logos/tv_pbs_kids_pacific_1080p.png,poster/tv_pbs_kids_pacific_1080p-poster.png,background/tv_pbs_kids_pacific_1080p.jpg,"Infantil, Educativo, General",Internacional,es,Auto,tv,true
tv_tom_and_jerry,Tom And Jerry,http://live20.bozztv.com/giatvplayout7/giatv-208314/playlist.m3u8,logos/tv_tom_and_jerry.png,poster/tv_tom_and_jerry-poster.png,background/tv_tom_and_jerry.jpg,"Infantil, General",Internacional,es,Auto,tv,true
tv_babyfirst_spanish,BabyFirst Spanish,http://streams2.sofast.tv/v1/master/611d79b11b77e2f571934fd80ca1413453772ac7/be6f9eac-280e-4748-b866-2eb2463c1844/manifest.m3u8,logos/tv_babyfirst_spanish.png,poster/tv_babyfirst_spanish-poster.png,background/tv_babyfirst_spanish.jpg,"Infantil, General",Internacional,es,Auto,tv,true
tv_kartoon_channel,Kartoon Channel,http://cdn-apse1-prod.tsv2.amagi.tv/linear/amg01076-lightningintern-kartoonchannel-samsungnz/playlist.m3u8,logos/tv_kartoon_channel.png,poster/tv_kartoon_channel-poster.png,background/tv_kartoon_channel.jpg,"Infantil, General",Argentina,es,Auto,tv,true
tv_baby_tv,Baby TV,http://38.183.182.166:8000/play/a0ub/index.m3u8,logos/tv_baby_tv.png,poster/tv_baby_tv-poster.png,background/tv_baby_tv.jpg,"Infantil, General",Internacional,es,Auto,tv,true
tv_cartoonito,Cartoonito,http://38.183.182.166:8000/play/a0rn/index.m3u8,logos/tv_cartoonito.png,poster/tv_cartoonito-poster.png,background/tv_cartoonito.jpg,"Infantil, General",Argentina,es,Auto,tv,true
tv_fmh_kids_ever,FMH KIDS,http://38.183.182.166:8000/play/a12q/index.m3u8,,poster/tv_fmh_kids_ever-poster.png,background/tv_fmh_kids_ever.jpg,"Infantil, Música, General",Internacional,es,Auto,tv,true
tv_nick_hd,Nick,http://38.183.182.166:8000/play/a0w2/index.m3u8,,poster/tv_nick_hd-poster.png,background/tv_nick_hd.jpg,"Infantil, General",Internacional,es,Auto,tv,true
tv_nick_jr,Nick Jr,http://38.183.182.166:8000/play/a0ro/index.m3u8,,poster/tv_nick_jr-poster.png,background/tv_nick_jr.jpg,"Infantil, General",Internacional,es,Auto,tv,true
tv_teen_nick_hd,Teen Nick,http://200.125.170.122:8000/play/a02u/index.m3u8,,poster/tv_teen_nick_hd-poster.png,background/tv_teen_nick_hd.jpg,"Infantil, General",Internacional,es,Auto,tv,true
tv_tooncast,Tooncast,http://38.183.182.166:8000/play/a0rx/index.m3u8,,poster/tv_tooncast-poster.png,background/tv_tooncast.jpg,"Infantil, General",Internacional,es,Auto,tv,true
tv_zoonird,zoon,http://38.183.182.166:8000/play/a13r/index.m3u8,logos/tv_zoonird.png,poster/tv_zoonird-poster.png,background/tv_zoonird.jpg,"Infantil, General",Internacional,es,Auto,tv,true
tv_paka_paka_f,PAKA PAKA,http://38.250.127.17:9800/play/a0am/index.m3u8,logos/tv_paka_paka_f.png,poster/tv_paka_paka_f-poster.png,background/tv_paka_paka_f.jpg,"Infantil, General",Internacional,es,Auto,tv,true
tv_nickelodeon_hd,Nickelodeon,http://201.230.121.186:8000/play/a0oi/index.m3u8,logos/tv_nickelodeon_hd.png,poster/tv_nickelodeon_hd-poster.png,background/tv_nickelodeon_hd.jpg,"Infantil, General",Internacional,es,Auto,tv,true
tv_baby_first,Baby First,http://200.125.170.122:8000/play/a03v/index.m3u8,,poster/tv_baby_first-poster.png,background/tv_baby_first.jpg,"Infantil, General",Internacional,es,Auto,tv,true
tv_cartoon_nt_hd,CARTOON NT,http://200.125.170.122:8000/play/a00x/index.m3u8,,poster/tv_cartoon_nt_hd-poster.png,background/tv_cartoon_nt_hd.jpg,"Infantil, General",Argentina,es,Auto,tv,true
tv_nick_sim_hd,Nick SIM,http://200.125.170.122:8000/play/a04g/index.m3u8,logos/tv_nick_sim_hd.png,poster/tv_nick_sim_hd-poster.png,background/tv_nick_sim_hd.jpg,"Infantil, General",Internacional,es,Auto,tv,true
tv_semillitas,SEMILLITAS,http://200.125.170.122:8000/play/a0cs/index.m3u8,logos/tv_semillitas.png,poster/tv_semillitas-poster.png,background/tv_semillitas.jpg,"Infantil, General",Internacional,es,Auto,tv,true
tv_zoomoo,ZooMoo,http://200.125.170.122:8000/play/a003/index.m3u8,,poster/tv_zoomoo-poster.png,background/tv_zoomoo.jpg,"Infantil, General",Internacional,es,Auto,tv,true
tv_clan,CLAN,http://200.12.41.194:8000/play/a010/index.m3u8,logos/tv_clan.png,poster/tv_clan-poster.png,background/tv_clan.jpg,"Infantil, General",Chile,es,Auto,tv,true
tv_lolly_kids,Lolly Kids,http://179.51.136.19:8000/play/a1i7/index.m3u8,logos/tv_lolly_kids.png,poster/tv_lolly_kids-poster.png,background/tv_lolly_kids.jpg,"Infantil, General",Internacional,es,Auto,tv,true
tv_cine_familiar,CINE FAMILIAR,http://190.102.246.93:9005/play/a034,logos/tv_cine_familiar.png,poster/tv_cine_familiar-poster.png,background/tv_cine_familiar.jpg,"Infantil, Películas, General",Argentina,es,Auto,tv,true
tv_garage_tv_argentina,Garage TV Argentina,http://stream1.sersat.com/hls/garagetv.m3u8,https://pbs.twimg.com/profile_images/1169992187314167808/TeabGtEB_200x200.jpg,poster/tv_garage_tv_argentina-poster.png,background/tv_garage_tv_argentina.jpg,"TV Local, General",Argentina,es,Auto,tv,true
tv_vm_latino_costa_rica,VM Latino Costa Rica,http://59ef525c24caa.streamlock.net/vmtv/vmlatino/playlist.m3u8,logos/tv_vm_latino_costa_rica.png,poster/tv_vm_latino_costa_rica-poster.png,background/tv_vm_latino_costa_rica.jpg,"TV Local, General",Colombia,es,Auto,tv,true
tv_3cat_info,3Cat Info,http://directes-tv-int.3catdirectes.cat/live-content/canal324-hls/master.m3u8,logos/tv_3cat_info.png,poster/tv_3cat_info-poster.png,background/tv_3cat_info.jpg,"TV Local, General",Internacional,es,Auto,tv,true
tv_urbano_tv_720p,Urbano TV,http://59ef525c24caa.streamlock.net/tvurbano/tvurbano/playlist.m3u8,logos/tv_urbano_tv_720p.png,poster/tv_urbano_tv_720p-poster.png,background/tv_urbano_tv_720p.jpg,"TV Local, General",Internacional,es,Auto,tv,true
tv_m95_marbella,M95 Marbella,http://limited2.todostreaming.es/live/m95-livestream.m3u8,,poster/tv_m95_marbella-poster.png,background/tv_m95_marbella.jpg,"TV Local, General",Argentina,es,Auto,tv,true
tv_tv_per_noticias,TV Perú Noticias,http://cdnhd.iblups.com/hls/902c1a0395264f269f1160efa00660e47.m3u8,logos/tv_tv_per_noticias.png,poster/tv_tv_per_noticias-poster.png,background/tv_tv_per_noticias.jpg,"TV Local, Noticias, General",Perú,es,HD,tv,true
tv_tv_per,TV Perú,http://cdnhd.iblups.com/hls/777b4d4cc0984575a7d14f6ee57dbcaf7.m3u8,logos/tv_tv_per.png,poster/tv_tv_per-poster.png,background/tv_tv_per.jpg,"TV Local, General",Perú,es,HD,tv,true
tv_exitosa_noticias_per,Exitosa Noticias Perú,http://luna-1-video.mediaserver.digital/exitosatv_233b-4b49-a726-5a451262/index.fmp4.m3u8,logos/tv_exitosa_noticias_per.png,poster/tv_exitosa_noticias_per-poster.png,background/tv_exitosa_noticias_per.jpg,"TV Local, Noticias, General",Perú,es,Auto,tv,true
tv_betev,betevé,http://cdnapisec.kaltura.com/p/2346171/sp/234617100/playManifest/entryId/1_vfibi2fe/protocol/https/format/applehttp/a.m3u8?referrer=aHR0cHM6Ly9iZXRldmUuY2F0,logos/tv_betev.png,poster/tv_betev-poster.png,background/tv_betev.jpg,"TV Local, General",Internacional,es,Auto,tv,true
tv_bta_tv_720p,BTA TV,http://cloud.fastchannel.es/manifiest/hls/prog9/btatv.m3u8,logos/tv_bta_tv_720p.png,poster/tv_bta_tv_720p-poster.png,background/tv_bta_tv_720p.jpg,"TV Local, General",Internacional,es,Auto,tv,true
tv_estrella_tv_mexico,Estrella TV Mexico,http://cdn-uw2-prod.tsv2.amagi.tv/linear/amg00567-estrellamedia-estrellatv-estrellamedia/playlist.m3u8,logos/tv_estrella_tv_mexico.png,poster/tv_estrella_tv_mexico-poster.png,background/tv_estrella_tv_mexico.jpg,"TV Local, General",México,es,Auto,tv,true
tv_adn40_mexico,ADN40 Mexico,http://mdstrm.com/live-stream-playlist/60b578b060947317de7b57ac.m3u8,logos/tv_adn40_mexico.png,poster/tv_adn40_mexico-poster.png,background/tv_adn40_mexico.jpg,"TV Local, Noticias, General",México,es,Auto,tv,true
tv_36_tv_huacho,36 TV HUACHO,http://38.183.182.166:8000/play/a0xi/index.m3u8,logos/tv_36_tv_huacho.png,poster/tv_36_tv_huacho-poster.png,background/tv_36_tv_huacho.jpg,"TV Local, General",Internacional,es,Auto,tv,true
tv_agro_tv_cusco_link,AGRO TV CUSCO,http://38.183.182.166:8000/play/a0yy/index.m3u8,logos/tv_agro_tv_cusco_link.png,poster/tv_agro_tv_cusco_link-poster.png,background/tv_agro_tv_cusco_link.jpg,"TV Local, General",Colombia,es,Auto,tv,true
tv_aguate_ever,AGUATE,http://38.183.182.166:8000/play/a0g8/index.m3u8,logos/tv_aguate_ever.png,poster/tv_aguate_ever-poster.png,background/tv_aguate_ever.jpg,"TV Local, General",Internacional,es,Auto,tv,true
tv_antena_3,Antena 3,http://38.183.182.166:8000/play/a0sx/index.m3u8,logos/tv_antena_3.png,poster/tv_antena_3-poster.png,background/tv_antena_3.jpg,"TV Local, General",España,es,Auto,tv,true
tv_bolivia_tvever,BOLIVIA TV,http://38.183.182.166:8000/play/a0z3/index.m3u8,logos/tv_bolivia_tvever.png,poster/tv_bolivia_tvever-poster.png,background/tv_bolivia_tvever.jpg,"TV Local, General",Internacional,es,Auto,tv,true
tv_espn_2_peru,ESPN 2 Peru,http://38.183.182.166:8000/play/a0ix/index.m3u8,,poster/tv_espn_2_peru-poster.png,background/tv_espn_2_peru.jpg,"TV Local, Deportes, General",España,es,Auto,tv,true
tv_espn_hd_peru,ESPN peru,http://38.183.182.166:8000/play/a122/index.m3u8,logos/tv_espn_hd_peru.png,poster/tv_espn_hd_peru-poster.png,background/tv_espn_hd_peru.jpg,"TV Local, Deportes, General",España,es,Auto,tv,true
tv_exitosa_hd_cesar,EXITOSA,http://38.183.182.166:8000/play/a127/index.m3u8,logos/tv_exitosa_hd_cesar.png,poster/tv_exitosa_hd_cesar-poster.png,background/tv_exitosa_hd_cesar.jpg,"TV Local, General",España,es,Auto,tv,true
tv_exitosa_tv_ever,EXITOSA TV,http://38.183.182.166:8000/play/a0fb/index.m3u8,logos/tv_exitosa_tv_ever.png,poster/tv_exitosa_tv_ever-poster.png,background/tv_exitosa_tv_ever.jpg,"TV Local, General",Internacional,es,Auto,tv,true
tv_filmarts,Film&Arts,http://38.183.182.166:8000/play/a0ry/index.m3u8,logos/tv_filmarts.png,poster/tv_filmarts-poster.png,background/tv_filmarts.jpg,"TV Local, Películas, General",Argentina,es,Auto,tv,true
tv_global_tv_cesar,GLOBAL TV,http://38.183.182.166:8000/play/a128/index.m3u8,logos/tv_global_tv_cesar.png,poster/tv_global_tv_cesar-poster.png,background/tv_global_tv_cesar.jpg,"TV Local, General",España,es,Auto,tv,true
tv_globovisionever,GLOBOVISION,http://38.183.182.166:8000/play/a0fw/index.m3u8,logos/tv_globovisionever.png,poster/tv_globovisionever-poster.png,background/tv_globovisionever.jpg,"TV Local, General",Internacional,es,Auto,tv,true
tv_gol_peru_hd_cesar,GOL PERU,http://38.183.182.166:8000/play/a120/index.m3u8,logos/tv_gol_peru_hd_cesar.png,poster/tv_gol_peru_hd_cesar-poster.png,background/tv_gol_peru_hd_cesar.jpg,"TV Local, General",España,es,Auto,tv,true
tv_golperu_ever,GOLPERU,http://38.183.182.166:8000/play/a0xd/index.m3u8,logos/tv_golperu_ever.png,poster/tv_golperu_ever-poster.png,background/tv_golperu_ever.jpg,"TV Local, General",Perú,es,Auto,tv,true
tv_hechicera_tvlink,HECHICERA TV,http://38.183.182.166:8000/play/a0z2/index.m3u8,logos/tv_hechicera_tvlink.png,poster/tv_hechicera_tvlink-poster.png,background/tv_hechicera_tvlink.jpg,"TV Local, General",Internacional,es,Auto,tv,true
tv_la_red_hd,La Red,http://38.183.182.166:8000/play/a0r3/index.m3u8,,poster/tv_la_red_hd-poster.png,background/tv_la_red_hd.jpg,"TV Local, General",Internacional,es,Auto,tv,true
tv_las_estrellas_hd,Las Estrellas,http://38.183.182.166:8000/play/a0rc/index.m3u8,logos/tv_las_estrellas_hd.png,poster/tv_las_estrellas_hd-poster.png,background/tv_las_estrellas_hd.jpg,"TV Local, General",España,es,Auto,tv,true
tv_latina_hd,Latina,http://38.183.182.166:8000/play/a0rf/index.m3u8,logos/tv_latina_hd.png,poster/tv_latina_hd-poster.png,background/tv_latina_hd.jpg,"TV Local, General",Internacional,es,Auto,tv,true
tv_oromar_tv_ever,OROMAR TV,http://38.183.182.166:8000/play/a13i/index.m3u8,logos/tv_oromar_tv_ever.png,poster/tv_oromar_tv_ever-poster.png,background/tv_oromar_tv_ever.jpg,"TV Local, General",Argentina,es,Auto,tv,true
tv_peru_go,PERU GO,http://38.183.182.166:8000/play/a0gr/index.m3u8,logos/tv_peru_go.png,poster/tv_peru_go-poster.png,background/tv_peru_go.jpg,"TV Local, General",Perú,es,Auto,tv,true
tv_rcnever,RCN,http://38.183.182.166:8000/play/a10i/index.m3u8,logos/tv_rcnever.png,poster/tv_rcnever-poster.png,background/tv_rcnever.jpg,"TV Local, General",Colombia,es,Auto,tv,true
tv_rpp,RPP,http://38.183.182.166:8000/play/a13g/index.m3u8,logos/tv_rpp.png,poster/tv_rpp-poster.png,background/tv_rpp.jpg,"TV Local, Noticias, General",Internacional,es,Auto,tv,true
tv_tv_peru_cesar_apaza,TV PERU,http://38.183.182.166:8000/play/a13y/index.m3u8,logos/tv_tv_peru_cesar_apaza.png,poster/tv_tv_peru_cesar_apaza-poster.png,background/tv_tv_peru_cesar_apaza.jpg,"TV Local, General",España,es,Auto,tv,true
tv_tv_perucarcasi,TV PERU,http://38.183.182.166:8000/play/a12u/index.m3u8,logos/tv_tv_perucarcasi.png,poster/tv_tv_perucarcasi-poster.png,background/tv_tv_perucarcasi.jpg,"TV Local, General",Argentina,es,Auto,tv,true
tv_tv_hd,TV+,http://38.183.182.166:8000/play/a0r2/index.m3u8,logos/tv_tv_hd.png,poster/tv_tv_hd-poster.png,background/tv_tv_hd.jpg,"TV Local, General",Internacional,es,Auto,tv,true
tv_tvesever,TVES,http://38.183.182.166:8000/play/a0xv/index.m3u8,,poster/tv_tvesever-poster.png,background/tv_tvesever.jpg,"TV Local, General",España,es,Auto,tv,true
tv_tvn_hd,TVN,http://38.183.182.166:8000/play/a0vs/index.m3u8,,poster/tv_tvn_hd-poster.png,background/tv_tvn_hd.jpg,"TV Local, General",Internacional,es,Auto,tv,true
tv_unitel_ever,UNITEL,http://38.183.182.166:8000/play/a0ju/index.m3u8,,poster/tv_unitel_ever-poster.png,background/tv_unitel_ever.jpg,"TV Local, General",Internacional,es,Auto,tv,true
tv_usa,USA,http://38.183.182.166:8000/play/a0sb/index.m3u8,logos/tv_usa.png,poster/tv_usa-poster.png,background/tv_usa.jpg,"TV Local, General",Internacional,es,Auto,tv,true
tv_usmptvlink,USMPTV,http://38.183.182.166:8000/play/a12w/index.m3u8,logos/tv_usmptvlink.png,poster/tv_usmptvlink-poster.png,background/tv_usmptvlink.jpg,"TV Local, General",Internacional,es,Auto,tv,true
tv_venevision_tv_ever,VENEVISION TV,http://38.183.182.166:8000/play/a0fs/index.m3u8,logos/tv_venevision_tv_ever.png,poster/tv_venevision_tv_ever-poster.png,background/tv_venevision_tv_ever.jpg,"TV Local, General",Internacional,es,Auto,tv,true
tv_via_x_esports,Via X Esports,http://38.183.182.166:8000/play/a0s9/index.m3u8,logos/tv_via_x_esports.png,poster/tv_via_x_esports-poster.png,background/tv_via_x_esports.jpg,"TV Local, Deportes, General",España,es,Auto,tv,true
tv_micforza_rpp,RPP,http://38.183.182.166:8000/play/a0ew/index.m3u8,logos/tv_micforza_rpp.png,poster/tv_micforza_rpp-poster.png,background/tv_micforza_rpp.jpg,"TV Local, Noticias, General",Internacional,es,Auto,tv,true
tv_aunar_tv_f,AUNAR TV,http://38.250.127.17:9800/play/a0ap/index.m3u8,,poster/tv_aunar_tv_f-poster.png,background/tv_aunar_tv_f.jpg,"TV Local, General",Argentina,es,Auto,tv,true
tv_chv2_hd_f,CHV2,http://38.250.127.17:9800/play/a0al/index.m3u8,,poster/tv_chv2_hd_f-poster.png,background/tv_chv2_hd_f.jpg,"TV Local, General",Internacional,es,Auto,tv,true
tv_corporacion_tv_f,Corporacion TV,http://38.250.127.17:9800/play/a0aq/index.m3u8,logos/tv_corporacion_tv_f.png,poster/tv_corporacion_tv_f-poster.png,background/tv_corporacion_tv_f.jpg,"TV Local, General",Colombia,es,Auto,tv,true
tv_golperu,GOLPERU,http://38.250.127.17:9800/play/a08c/index.m3u8,logos/tv_golperu.png,poster/tv_golperu-poster.png,background/tv_golperu.jpg,"TV Local, General",Perú,es,Auto,tv,true
tv_ntv_hd_f,NTV,http://38.250.127.17:9800/play/a0ak/index.m3u8,logos/tv_ntv_hd_f.png,poster/tv_ntv_hd_f-poster.png,background/tv_ntv_hd_f.jpg,"TV Local, General",Internacional,es,Auto,tv,true
tv_tec_tv_f,TEC TV,http://38.250.127.17:9800/play/a0ao/index.m3u8,logos/tv_tec_tv_f.png,poster/tv_tec_tv_f-poster.png,background/tv_tec_tv_f.jpg,"TV Local, General",Internacional,es,Auto,tv,true
tv_tv2_hd_f,TV+2,http://38.250.127.17:9800/play/a07e/index.m3u8,logos/tv_tv2_hd_f.png,poster/tv_tv2_hd_f-poster.png,background/tv_tv2_hd_f.jpg,"TV Local, General",Internacional,es,Auto,tv,true
tv_tvr_f,TVR,http://38.250.127.17:9800/play/a0at/index.m3u8,logos/tv_tvr_f.png,poster/tv_tvr_f-poster.png,background/tv_tvr_f.jpg,"TV Local, General",Internacional,es,Auto,tv,true
tv_tevex_f,Tevex,http://38.250.127.17:9800/play/a0as/index.m3u8,,poster/tv_tevex_f-poster.png,background/tv_tevex_f.jpg,"TV Local, General",Internacional,es,Auto,tv,true
tv_tyc_sports,TyC Sports,http://38.250.127.17:9800/play/a07k/index.m3u8,,poster/tv_tyc_sports-poster.png,background/tv_tyc_sports.jpg,"TV Local, Deportes, General",Internacional,es,Auto,tv,true
tv_gamavisin,Gamavisiðn,http://170.244.209.135:8000/play/a0f9/index.m3u8,logos/tv_gamavisin.png,poster/tv_gamavisin-poster.png,background/tv_gamavisin.jpg,"TV Local, General",Internacional,es,Auto,tv,true
tv_oromar_tv,OROMAR TV,http://170.244.209.135:8000/play/a0gb/index.m3u8,logos/tv_oromar_tv.png,poster/tv_oromar_tv-poster.png,background/tv_oromar_tv.jpg,"TV Local, General",Argentina,es,Auto,tv,true
tv_rts,RTS,http://170.244.209.135:8000/play/a0fb/index.m3u8,logos/tv_rts.png,poster/tv_rts-poster.png,background/tv_rts.jpg,"TV Local, General",Internacional,es,Auto,tv,true
tv_13sinart,13-Sinart,http://200.125.170.122:8000/play/a0e6/index.m3u8,logos/tv_13sinart.png,poster/tv_13sinart-poster.png,background/tv_13sinart.jpg,"TV Local, General",Argentina,es,Auto,tv,true
tv_42_extra_tv_42,42 - Extra TV 42,http://200.125.170.122:8000/play/a00q/index.m3u8,logos/tv_42_extra_tv_42.png,poster/tv_42_extra_tv_42-poster.png,background/tv_42_extra_tv_42.jpg,"TV Local, General",Internacional,es,Auto,tv,true
tv_az_click_hd,AZ click,http://200.125.170.122:8000/play/a02q/index.m3u8,logos/tv_az_click_hd.png,poster/tv_az_click_hd-poster.png,background/tv_az_click_hd.jpg,"TV Local, General",Chile,es,Auto,tv,true
tv_azcorazon,Azcorazon,http://200.125.170.122:8000/play/a0cv/index.m3u8,,poster/tv_azcorazon-poster.png,background/tv_azcorazon.jpg,"TV Local, General",Colombia,es,Auto,tv,true
tv_cnn_internacional,CNN Internacional,http://200.125.170.122:8000/play/a00d/index.m3u8,,poster/tv_cnn_internacional-poster.png,background/tv_cnn_internacional.jpg,"TV Local, Noticias, General",Internacional,es,Auto,tv,true
tv_claro_sports_1_hd,Claro Sports 1,http://200.125.170.122:8000/play/a0dk/index.m3u8,logos/tv_claro_sports_1_hd.png,poster/tv_claro_sports_1_hd-poster.png,background/tv_claro_sports_1_hd.jpg,"TV Local, Deportes, General",Argentina,es,Auto,tv,true
tv_film_arts_hd,Film & arts,http://200.125.170.122:8000/play/a02y/index.m3u8,,poster/tv_film_arts_hd-poster.png,background/tv_film_arts_hd.jpg,"TV Local, Películas, General",Argentina,es,Auto,tv,true
tv_multimedios,Multimedios,http://200.125.170.122:8000/play/a00o/index.m3u8,,poster/tv_multimedios-poster.png,background/tv_multimedios.jpg,"TV Local, Religioso, General",Internacional,es,Auto,tv,true
tv_nicarao_tv,Nicarao TV,http://200.125.170.122:8000/play/a0cr/index.m3u8,,poster/tv_nicarao_tv-poster.png,background/tv_nicarao_tv.jpg,"TV Local, General",Argentina,es,Auto,tv,true
tv_td2_hd_cr,TD+2 CR,http://200.125.170.122:8000/play/a00h/index.m3u8,logos/tv_td2_hd_cr.png,poster/tv_td2_hd_cr-poster.png,background/tv_td2_hd_cr.jpg,"TV Local, General",Internacional,es,Auto,tv,true
tv_tdhd_cr,TD+ CR,http://200.125.170.122:8000/play/a00g/index.m3u8,logos/tv_tdhd_cr.png,poster/tv_tdhd_cr-poster.png,background/tv_tdhd_cr.jpg,"TV Local, General",Internacional,es,Auto,tv,true
tv_tvm25_esa,TVM25,http://200.125.170.122:8000/play/a052/index.m3u8,logos/tv_tvm25_esa.png,poster/tv_tvm25_esa-poster.png,background/tv_tvm25_esa.jpg,"TV Local, General",España,es,Auto,tv,true
tv_univision_hd,Univision,http://200.125.170.122:8000/play/a065/index.m3u8,,poster/tv_univision_hd-poster.png,background/tv_univision_hd.jpg,"TV Local, General",Internacional,es,Auto,tv,true
tv_atv_hd_free,ATV+,http://181.189.244.252:8000/play/a032/index.m3u8,logos/tv_atv_hd_free.png,poster/tv_atv_hd_free-poster.png,background/tv_atv_hd_free.jpg,"TV Local, General",Internacional,es,Auto,tv,true
tv_azteca_uno,AZTECA UNO,http://181.189.244.252:8000/play/a083/index.m3u8,logos/tv_azteca_uno.png,poster/tv_azteca_uno-poster.png,background/tv_azteca_uno.jpg,"TV Local, General",México,es,Auto,tv,true
tv_mega_tv,Mega TV,http://181.189.244.252:8000/play/a0d2/index.m3u8,logos/tv_mega_tv.png,poster/tv_mega_tv-poster.png,background/tv_mega_tv.jpg,"TV Local, General",Chile,es,Auto,tv,true
tv_suyapa_tv_free,SUYAPA TV,http://181.189.244.252:8000/play/a035/index.m3u8,logos/tv_suyapa_tv_free.png,poster/tv_suyapa_tv_free-poster.png,background/tv_suyapa_tv_free.jpg,"TV Local, General",Internacional,es,Auto,tv,true
tv_liga_1_max_peru,LIGA 1 MAX PERU,http://201.230.121.186:8000/play/a0oc/index.m3u8,logos/tv_liga_1_max_peru.png,poster/tv_liga_1_max_peru-poster.png,background/tv_liga_1_max_peru.jpg,"TV Local, Deportes, General",Perú,es,Auto,tv,true
tv_panamericana_tv,Panamericana TV,http://201.230.121.186:8000/play/a0ef/index.m3u8,,poster/tv_panamericana_tv-poster.png,background/tv_panamericana_tv.jpg,"TV Local, General",Perú,es,Auto,tv,true
tv_tv_peru_sd,TV Peru,http://201.230.121.186:8000/play/a0eh/index.m3u8,,poster/tv_tv_peru_sd-poster.png,background/tv_tv_peru_sd.jpg,"TV Local, General",Perú,es,Auto,tv,true
tv_viax,ViaX,http://201.230.121.186:8000/play/a0fz/index.m3u8,logos/tv_viax.png,poster/tv_viax-poster.png,background/tv_viax.jpg,"TV Local, General",Internacional,es,Auto,tv,true
tv_azteca_guate,AZTECA GUATE,http://200.12.41.194:8000/play/a00m/index.m3u8,logos/tv_azteca_guate.png,poster/tv_azteca_guate-poster.png,background/tv_azteca_guate.jpg,"TV Local, General",México,es,Auto,tv,true
tv_corazontvcwp,CorazontvCWP,http://148.72.155.144:8000/play/a00b/index.m3u8,,poster/tv_corazontvcwp-poster.png,background/tv_corazontvcwp.jpg,"TV Local, General",Colombia,es,Auto,tv,true
tv_electrobitel,ELECTROBITEL,http://148.72.155.144:8000/play/a048/index.m3u8,,poster/tv_electrobitel-poster.png,background/tv_electrobitel.jpg,"TV Local, General",Internacional,es,Auto,tv,true
tv_moradatv,MORADATV,http://148.72.155.144:8000/play/a03m/index.m3u8,logos/tv_moradatv.png,poster/tv_moradatv-poster.png,background/tv_moradatv.jpg,"TV Local, General",Internacional,es,Auto,tv,true
tv_peru,PERU,http://148.72.155.144:8000/play/a03p/index.m3u8,logos/tv_peru.png,poster/tv_peru-poster.png,background/tv_peru.jpg,"TV Local, General",Perú,es,Auto,tv,true
tv_claro_sports_2_sd,Claro Sports 2,http://179.51.136.19:8000/play/a16q/index.m3u8,,poster/tv_claro_sports_2_sd-poster.png,background/tv_claro_sports_2_sd.jpg,"TV Local, Deportes, General",Argentina,es,Auto,tv,true
tv_dsports,DSPORTS,http://179.51.136.19:8000/play/DSPORTS1/index.m3u8,,poster/tv_dsports-poster.png,background/tv_dsports.jpg,"TV Local, Deportes, General",Internacional,es,Auto,tv,true
tv_dsports_2,DSPORTS 2,http://179.51.136.19:8000/play/a112/index.m3u8,,poster/tv_dsports_2-poster.png,background/tv_dsports_2.jpg,"TV Local, Deportes, General",Internacional,es,Auto,tv,true
tv_dsports_3,DSPORTS 3,http://179.51.136.19:8000/play/a113/index.m3u8,logos/tv_dsports_3.png,poster/tv_dsports_3-poster.png,background/tv_dsports_3.jpg,"TV Local, Deportes, General",Internacional,es,Auto,tv,true
tv_via_x,Via X,http://179.51.136.19:8000/play/a1hz/index.m3u8,,poster/tv_via_x-poster.png,background/tv_via_x.jpg,"TV Local, General",Internacional,es,Auto,tv,true
tv_zona_latina,Zona Latina,http://179.51.136.19:8000/play/a1hy/index.m3u8,,poster/tv_zona_latina-poster.png,background/tv_zona_latina.jpg,"TV Local, General",Internacional,es,Auto,tv,true
tv_a3s,A3S,http://190.102.246.93:9005/play/a00p,logos/tv_a3s.png,poster/tv_a3s-poster.png,background/tv_a3s.jpg,"TV Local, General",Internacional,es,Auto,tv,true
tv_az_corazon,AZ CORAZON,http://190.102.246.93:9005/play/a02x,logos/tv_az_corazon.png,poster/tv_az_corazon-poster.png,background/tv_az_corazon.jpg,"TV Local, General",Colombia,es,Auto,tv,true
tv_biobio_tv,BIOBIO TV,http://190.102.246.93:9005/play/a02z,logos/tv_biobio_tv.png,poster/tv_biobio_tv-poster.png,background/tv_biobio_tv.jpg,"TV Local, General",Internacional,es,Auto,tv,true
tv_juntos_tv,JUNTOS TV,http://190.102.246.93:9005/play/a03d,,poster/tv_juntos_tv-poster.png,background/tv_juntos_tv.jpg,"TV Local, General",Internacional,es,Auto,tv,true
tv_mx_classic,MX CLASSIC,http://190.102.246.93:9005/play/a03h,,poster/tv_mx_classic-poster.png,background/tv_mx_classic.jpg,"TV Local, General",México,es,Auto,tv,true
tv_mx_prime,MX PRIME,http://190.102.246.93:9005/play/a03t,logos/tv_mx_prime.png,poster/tv_mx_prime-poster.png,background/tv_mx_prime.jpg,"TV Local, General",México,es,Auto,tv,true
tv_cgtn,CGTN,http://espanol-livews.cgtn.com/hls/LSveOGBaBw41Ea7ukkVAUdKQ220802LSTexu6xAuFH8VZNBLE1ZNEa220802cd/playlist.m3u8,,poster/tv_cgtn-poster.png,background/tv_cgtn.jpg,"Noticias, General",Argentina,es,Auto,tv,true
tv_cgtn_news_en,CGTN News EN,http://english-livebkali.cgtn.com/live/encgtn.m3u8,,poster/tv_cgtn_news_en-poster.png,background/tv_cgtn_news_en.jpg,"Noticias, General",Argentina,es,Auto,tv,true
tv_cgtn_documentary_en,CGTN Documentary EN,http://english-livebkali.cgtn.com/live/doccgtn.m3u8,logos/tv_cgtn_documentary_en.png,poster/tv_cgtn_documentary_en-poster.png,background/tv_cgtn_documentary_en.jpg,"Noticias, Documentales, General",Argentina,es,Auto,tv,true
tv_channel_newsasia_en,Channel NewsAsia EN,http://d2e1asnsl7br7b.cloudfront.net/7782e205e72f43aeb4a48ec97f66ebbe/index.m3u8,logos/tv_channel_newsasia_en.png,poster/tv_channel_newsasia_en-poster.png,background/tv_channel_newsasia_en.jpg,"Noticias, General",Internacional,es,Auto,tv,true
tv_bloomberg_quicktake_en,Bloomberg Quicktake EN,http://www.bloomberg.com/media-manifest/streams/qt.m3u8,,poster/tv_bloomberg_quicktake_en-poster.png,background/tv_bloomberg_quicktake_en.jpg,"Noticias, Negocios, General",Internacional,es,Auto,tv,true
tv_hispan_tv_iran,Hispan TV Iran,http://live.presstv.ir/hls/hispantv_5_482/index.m3u8,logos/tv_hispan_tv_iran.png,poster/tv_hispan_tv_iran-poster.png,background/tv_hispan_tv_iran.jpg,"Noticias, General",Internacional,es,Auto,tv,true
tv_atv_sur_ever,ATV SUR,http://38.183.182.166:8000/play/a0f1/index.m3u8,,poster/tv_atv_sur_ever-poster.png,background/tv_atv_sur_ever.jpg,"Noticias, General",Internacional,es,Auto,tv,true
tv_bbc_world,BBC World,http://38.183.182.166:8000/play/a0sv/index.m3u8,logos/tv_bbc_world.png,poster/tv_bbc_world-poster.png,background/tv_bbc_world.jpg,"Noticias, General",Internacional,es,Auto,tv,true
tv_cnn_espaol,CNN Espaæol,http://38.183.182.166:8000/play/a0ui/index.m3u8,logos/tv_cnn_espaol.png,poster/tv_cnn_espaol-poster.png,background/tv_cnn_espaol.jpg,"Noticias, General",España,es,Auto,tv,true
tv_cnn_international,CNN International,http://38.183.182.166:8000/play/a0u7/index.m3u8,logos/tv_cnn_international.png,poster/tv_cnn_international-poster.png,background/tv_cnn_international.jpg,"Noticias, General",Internacional,es,Auto,tv,true
tv_dw_espaol,DW Espaæol,http://38.183.182.166:8000/play/a0te/index.m3u8,,poster/tv_dw_espaol-poster.png,background/tv_dw_espaol.jpg,"Noticias, General",España,es,Auto,tv,true
tv_ntn_24_horas,NTN 24 Horas,http://38.183.182.166:8000/play/a0s4/index.m3u8,,poster/tv_ntn_24_horas-poster.png,background/tv_ntn_24_horas.jpg,"Noticias, General",Argentina,es,Auto,tv,true
tv_bbc_news,BBC NEWS,http://38.250.127.17:9800/play/a07b/index.m3u8,,poster/tv_bbc_news-poster.png,background/tv_bbc_news.jpg,"Noticias, General",Internacional,es,Auto,tv,true
tv_cablenoticias,CableNoticias,http://170.244.209.135:8000/play/a0gk/index.m3u8,,poster/tv_cablenoticias-poster.png,background/tv_cablenoticias.jpg,"Noticias, General",Internacional,es,Auto,tv,true
tv_cnne,CNNE,http://200.125.170.122:8000/play/a0d7/index.m3u8,logos/tv_cnne.png,poster/tv_cnne-poster.png,background/tv_cnne.jpg,"Noticias, General",Internacional,es,Auto,tv,true
tv_france24,France24,http://200.125.170.122:8000/play/a0d9/index.m3u8,,poster/tv_france24-poster.png,background/tv_france24.jpg,"Noticias, General",Internacional,es,Auto,tv,true
tv_atv_sur_hd_free,ATV SUR,http://181.189.244.252:8000/play/a031/index.m3u8,,poster/tv_atv_sur_hd_free-poster.png,background/tv_atv_sur_hd_free.jpg,"Noticias, General",Internacional,es,Auto,tv,true
tv_dw_channel,DW CHANNEL,http://200.12.41.194:8000/play/a087/index.m3u8,logos/tv_dw_channel.png,poster/tv_dw_channel-poster.png,background/tv_dw_channel.jpg,"Noticias, General",Internacional,es,Auto,tv,true
tv_hitn,HITN,http://200.12.41.194:8000/play/a003/index.m3u8,,poster/tv_hitn-poster.png,background/tv_hitn.jpg,"Noticias, General",Argentina,es,Auto,tv,true
tv_panico,PANICO,http://200.12.41.194:8000/play/a023/index.m3u8,,poster/tv_panico-poster.png,background/tv_panico.jpg,"Noticias, General",Colombia,es,Auto,tv,true
tv_tn23_live,TN23 LIVE,http://200.12.41.194:8000/play/a03m/index.m3u8,,poster/tv_tn23_live-poster.png,background/tv_tn23_live.jpg,"Noticias, General",Argentina,es,Auto,tv,true
tv_24_horas_tvn,24 Horas TVN,http://179.51.136.19:8000/play/a1bm/index.m3u8,logos/tv_24_horas_tvn.png,poster/tv_24_horas_tvn-poster.png,background/tv_24_horas_tvn.jpg,"Noticias, General",Internacional,es,Auto,tv,true
tv_cnn_espanol,CNN ESPANOL,http://190.102.246.93:9005/play/a037,logos/tv_cnn_espanol.png,poster/tv_cnn_espanol-poster.png,background/tv_cnn_espanol.jpg,"Noticias, General",España,es,Auto,tv,true
tv_dw_espanol,DW ESPANOL,http://190.102.246.93:9005/play/a038,logos/tv_dw_espanol.png,poster/tv_dw_espanol-poster.png,background/tv_dw_espanol.jpg,"Noticias, General",España,es,Auto,tv,true
tv_pridetv_latam_1080p,PRIDEtv LATAM,http://backend.energeek.cl/webtv/pridetvweb/index.m3u8?token=ZZDemoIPTVGH,https://neotv.cl/img/pridetv-512.png,poster/tv_pridetv_latam_1080p-poster.png,background/tv_pridetv_latam_1080p.jpg,"Entretenimiento, General",Internacional,es,Auto,tv,true
tv_activa_tv_720p,Activa TV,http://streamtv.mediasector.es/hls/activatv/index.m3u8,logos/tv_activa_tv_720p.png,poster/tv_activa_tv_720p-poster.png,background/tv_activa_tv_720p.jpg,"Entretenimiento, General",Internacional,es,Auto,tv,true
tv_caracolever,CARACOL,http://38.183.182.166:8000/play/a10j/index.m3u8,logos/tv_caracolever.png,poster/tv_caracolever-poster.png,background/tv_caracolever.jpg,"Entretenimiento, General",Argentina,es,Auto,tv,true
tv_e_entertainment_tv,E! Entertainment TV,http://38.183.182.166:8000/play/a0rs/index.m3u8,,poster/tv_e_entertainment_tv-poster.png,background/tv_e_entertainment_tv.jpg,"Entretenimiento, General",Internacional,es,Auto,tv,true
tv_eurochannel,Eurochannel,http://38.183.182.166:8000/play/a0sy/index.m3u8,logos/tv_eurochannel.png,poster/tv_eurochannel-poster.png,background/tv_eurochannel.jpg,"Entretenimiento, General",Internacional,es,Auto,tv,true
tv_eurochannelird,Eurochannel,http://38.183.182.166:8000/play/a13v/index.m3u8,,poster/tv_eurochannelird-poster.png,background/tv_eurochannelird.jpg,"Entretenimiento, General",Internacional,es,Auto,tv,true
tv_global,GLOBAL,http://38.183.182.166:8000/play/a0su/index.m3u8,logos/tv_global.png,poster/tv_global-poster.png,background/tv_global.jpg,"Entretenimiento, General",Internacional,es,Auto,tv,true
tv_global_ever,GLOBAL,http://38.183.182.166:8000/play/a130/index.m3u8,logos/tv_global_ever.png,poster/tv_global_ever-poster.png,background/tv_global_ever.jpg,"Entretenimiento, General",Internacional,es,Auto,tv,true
tv_hola_tv_hd,HOLA TV,http://38.183.182.166:8000/play/a103/index.m3u8,logos/tv_hola_tv_hd.png,poster/tv_hola_tv_hd-poster.png,background/tv_hola_tv_hd.jpg,"Entretenimiento, General",Internacional,es,Auto,tv,true
tv_like_ever,LIKE,http://38.183.182.166:8000/play/a10k/index.m3u8,,poster/tv_like_ever-poster.png,background/tv_like_ever.jpg,"Entretenimiento, General",Internacional,es,Auto,tv,true
tv_lifetime,Lifetime,http://38.183.182.166:8000/play/a13f/index.m3u8,logos/tv_lifetime.png,poster/tv_lifetime-poster.png,background/tv_lifetime.jpg,"Entretenimiento, Religioso, General",Internacional,es,Auto,tv,true
tv_mega_hd,MEGA,http://38.183.182.166:8000/play/a0w6/index.m3u8,logos/tv_mega_hd.png,poster/tv_mega_hd-poster.png,background/tv_mega_hd.jpg,"Entretenimiento, General",Chile,es,Auto,tv,true
tv_ng_latam_ng31,NG Latam,http://38.183.182.166:8000/play/a13a/index.m3u8,logos/tv_ng_latam_ng31.png,poster/tv_ng_latam_ng31-poster.png,background/tv_ng_latam_ng31.jpg,"Entretenimiento, General",Internacional,es,Auto,tv,true
tv_rewind_ever,REWIND,http://38.183.182.166:8000/play/a13n/index.m3u8,logos/tv_rewind_ever.png,poster/tv_rewind_ever-poster.png,background/tv_rewind_ever.jpg,"Entretenimiento, General",Internacional,es,Auto,tv,true
tv_star_channel_hd,STAR CHANNEL,http://38.183.182.166:8000/play/a0w8/index.m3u8,logos/tv_star_channel_hd.png,poster/tv_star_channel_hd-poster.png,background/tv_star_channel_hd.jpg,"Entretenimiento, General",Argentina,es,Auto,tv,true
tv_sun_channel_hd,Sun Channel,http://38.183.182.166:8000/play/a0zd/index.m3u8,,poster/tv_sun_channel_hd-poster.png,background/tv_sun_channel_hd.jpg,"Entretenimiento, General",Internacional,es,Auto,tv,true
tv_universo,Universo,http://38.183.182.166:8000/play/a0z9/index.m3u8,logos/tv_universo.png,poster/tv_universo-poster.png,background/tv_universo.jpg,"Entretenimiento, General",Internacional,es,Auto,tv,true
tv_vive_tvever,VIVE TV,http://38.183.182.166:8000/play/a0kj/index.m3u8,logos/tv_vive_tvever.png,poster/tv_vive_tvever-poster.png,background/tv_vive_tvever.jpg,"Entretenimiento, General",Internacional,es,Auto,tv,true
tv_caracol_hd,Caracol,http://38.250.127.17:9800/play/a05v/index.m3u8,,poster/tv_caracol_hd-poster.png,background/tv_caracol_hd.jpg,"Entretenimiento, General",Argentina,es,Auto,tv,true
tv_mega_2_hd_f,MEGA 2,http://38.250.127.17:9800/play/a0ai/index.m3u8,logos/tv_mega_2_hd_f.png,poster/tv_mega_2_hd_f-poster.png,background/tv_mega_2_hd_f.jpg,"Entretenimiento, General",Chile,es,Auto,tv,true
tv_e_entertairment_hd,E! Entertairment,http://200.125.170.122:8000/play/a02x/index.m3u8,logos/tv_e_entertairment_hd.png,poster/tv_e_entertairment_hd-poster.png,background/tv_e_entertairment_hd.jpg,"Entretenimiento, General",Internacional,es,Auto,tv,true
tv_euro_channel,EURO Channel,http://200.125.170.122:8000/play/a03y/index.m3u8,logos/tv_euro_channel.png,poster/tv_euro_channel-poster.png,background/tv_euro_channel.jpg,"Entretenimiento, General",Internacional,es,Auto,tv,true
tv_estrella_tv,Estrella TV,http://200.125.170.122:8000/play/a0eg/index.m3u8,logos/tv_estrella_tv.png,poster/tv_estrella_tv-poster.png,background/tv_estrella_tv.jpg,"Entretenimiento, General",España,es,Auto,tv,true
tv_europa_hd,Europa,http://200.125.170.122:8000/play/a033/index.m3u8,,poster/tv_europa_hd-poster.png,background/tv_europa_hd.jpg,"Entretenimiento, General",Internacional,es,Auto,tv,true
tv_e_entertainment,E Entertainment,http://201.230.121.186:8000/play/a0ff/index.m3u8,logos/tv_e_entertainment.png,poster/tv_e_entertainment-poster.png,background/tv_e_entertainment.jpg,"Entretenimiento, General",Internacional,es,Auto,tv,true
tv_bitme,BITME,http://200.12.41.194:8000/play/a006/index.m3u8,logos/tv_bitme.png,poster/tv_bitme-poster.png,background/tv_bitme.jpg,"Entretenimiento, General",Internacional,es,Auto,tv,true
tv_edge,EDGE,http://200.12.41.194:8000/play/a007/index.m3u8,logos/tv_edge.png,poster/tv_edge-poster.png,background/tv_edge.jpg,"Entretenimiento, General",Internacional,es,Auto,tv,true
tv_tru_tv,Tru TV,http://179.51.136.19:8000/play/a0ud/index.m3u8,,poster/tv_tru_tv-poster.png,background/tv_tru_tv.jpg,"Entretenimiento, General",Internacional,es,Auto,tv,true
tv_ms,M&S,http://190.102.246.93:9005/play/a03v,,poster/tv_ms-poster.png,background/tv_ms.jpg,"Entretenimiento, General",Internacional,es,Auto,tv,true
tv_amc_hd,AMC,http://38.183.182.166:8000/play/a0vm/index.m3u8,logos/tv_amc_hd.png,poster/tv_amc_hd-poster.png,background/tv_amc_hd.jpg,"Películas, General",Internacional,es,Auto,tv,true
tv_cinemax_hd,Cinemax,http://38.183.182.166:8000/play/a0uz/index.m3u8,logos/tv_cinemax_hd.png,poster/tv_cinemax_hd-poster.png,background/tv_cinemax_hd.jpg,"Películas, General",Internacional,es,Auto,tv,true
tv_dhe_hd,DHE,http://38.183.182.166:8000/play/a0zb/index.m3u8,,poster/tv_dhe_hd-poster.png,background/tv_dhe_hd.jpg,"Películas, General",Internacional,es,Auto,tv,true
tv_fmh_movies_ever,FMH MOVIES,http://38.183.182.166:8000/play/a12r/index.m3u8,,poster/tv_fmh_movies_ever-poster.png,background/tv_fmh_movies_ever.jpg,"Películas, Música, General",España,es,Auto,tv,true
tv_pasiones_hd,Pasiones,http://38.183.182.166:8000/play/a0za/index.m3u8,logos/tv_pasiones_hd.png,poster/tv_pasiones_hd-poster.png,background/tv_pasiones_hd.jpg,"Películas, General",España,es,Auto,tv,true
tv_tcm,TCM,http://38.183.182.166:8000/play/a0se/index.m3u8,logos/tv_tcm.png,poster/tv_tcm-poster.png,background/tv_tcm.jpg,"Películas, General",Internacional,es,Auto,tv,true
tv_cine_ar_f,CINE AR,http://38.250.127.17:9800/play/a0an/index.m3u8,,poster/tv_cine_ar_f-poster.png,background/tv_cine_ar_f.jpg,"Películas, General",Argentina,es,Auto,tv,true
tv_cine_latino,Cine Latino,http://200.125.170.122:8000/play/a05k/index.m3u8,logos/tv_cine_latino.png,poster/tv_cine_latino-poster.png,background/tv_cine_latino.jpg,"Películas, General",Internacional,es,Auto,tv,true
tv_multicinema,Multicinema,http://200.125.170.122:8000/play/a04c/index.m3u8,,poster/tv_multicinema-poster.png,background/tv_multicinema.jpg,"Películas, General",Internacional,es,Auto,tv,true
tv_claro_cinema,Claro Cinema,http://200.12.41.194:8000/play/a09l/index.m3u8,logos/tv_claro_cinema.png,poster/tv_claro_cinema-poster.png,background/tv_claro_cinema.jpg,"Películas, General",Argentina,es,Auto,tv,true
tv_az_cinema,AZ CINEMA,http://190.102.246.93:9005/play/a02v,logos/tv_az_cinema.png,poster/tv_az_cinema-poster.png,background/tv_az_cinema.jpg,"Películas, General",Internacional,es,Auto,tv,true
tv_cine_premium,CINE PREMIUM,http://190.102.246.93:9005/play/a036,logos/tv_cine_premium.png,poster/tv_cine_premium-poster.png,background/tv_cine_premium.jpg,"Películas, General",Internacional,es,Auto,tv,true
tv_axs_tv,AXS TV,http://fl41.moveonjoy.com/Axs_TV/index.m3u8,https://upload.wikimedia.org/wikipedia/commons/thumb/c/c2/AXS_TV_logo.svg/512px-AXS_TV_logo.svg.png,poster/tv_axs_tv-poster.png,background/tv_axs_tv.jpg,"Música, General",Internacional,es,Auto,tv,true
tv_vintage_music_720p,Vintage Music,http://59ef525c24caa.streamlock.net/vmtv/tvvintage/playlist.m3u8,logos/tv_vintage_music_720p.png,poster/tv_vintage_music_720p-poster.png,background/tv_vintage_music_720p.jpg,"Música, General",Internacional,es,Auto,tv,true
tv_dismar_radio_tv_720p,Dismar Radio TV,http://rds3.desdeparaguay.net/dismartv/dismartv/playlist.m3u8,https://i.imgur.com/KOuxdMD.png,poster/tv_dismar_radio_tv_720p-poster.png,background/tv_dismar_radio_tv_720p.jpg,"Música, General",Argentina,es,SD,tv,true
tv_pequeradio_tv,Pequeradio TV,http://canadaremar2.todostreaming.es/live/peque-pequetv.m3u8,,poster/tv_pequeradio_tv-poster.png,background/tv_pequeradio_tv.jpg,"Música, General",Perú,es,Auto,tv,true
tv_radio_onda_digital,Radio Onda Digital,http://v4.tustreaming.cl/radioondadigitaltv/index.m3u8,https://i.imgur.com/Lid5RTv.png,poster/tv_radio_onda_digital-poster.png,background/tv_radio_onda_digital.jpg,"Música, General",Internacional,es,Auto,tv,true
tv_power_love_1080p,Power Love,http://livetv.powerapp.com.tr/plove/love.smil/playlist.m3u8,logos/tv_power_love_1080p.png,poster/tv_power_love_1080p-poster.png,background/tv_power_love_1080p.jpg,"Música, General",Internacional,es,Auto,tv,true
tv_51_radio_tv_480p_geoblocked,51 Radio TV,http://wms.shared.streamshow.it/canale51/canale51/playlist.m3u8,logos/tv_51_radio_tv_480p_geoblocked.png,poster/tv_51_radio_tv_480p_geoblocked-poster.png,background/tv_51_radio_tv_480p_geoblocked.jpg,"Música, General",Internacional,es,Auto,tv,true
tv_la_que_buena_atlanta,La Que Buena Atlanta,http://streamyes.alsolnet.com/quebuenaatlanta/live/index.m3u8,logos/tv_la_que_buena_atlanta.png,poster/tv_la_que_buena_atlanta-poster.png,background/tv_la_que_buena_atlanta.jpg,"Música, General",Internacional,es,Auto,tv,true
tv_littoral_fm_720p,Littoral FM,http://live.creacast.com/littoralfm-ch1/stream/playlist.m3u8,logos/tv_littoral_fm_720p.png,poster/tv_littoral_fm_720p-poster.png,background/tv_littoral_fm_720p.jpg,"Música, General",Internacional,es,Auto,tv,true
tv_now_90s00s,NOW 90s00s,http://amg01076-amg01076c19-rakuten-gb-8653.playouts.now.amagi.tv/playlist/amg01076-lightning-now90s00s-rakutengb/playlist.m3u8,logos/tv_now_90s00s.png,poster/tv_now_90s00s-poster.png,background/tv_now_90s00s.jpg,"Música, General",Internacional,es,Auto,tv,true
tv_kronehit_1080p,Kronehit,http://bitcdn-kronehit.bitmovin.com/v2/hls/playlist.m3u8,https://i.imgur.com/dQJQv1X.png,poster/tv_kronehit_1080p-poster.png,background/tv_kronehit_1080p.jpg,"Música, General",Internacional,es,Auto,tv,true
tv_now_80s,Now 80's,http://lightning-now80s-samsungnz.amagi.tv/playlist.m3u8,logos/tv_now_80s.png,poster/tv_now_80s-poster.png,background/tv_now_80s.jpg,"Música, General",Internacional,es,Auto,tv,true
tv_hype_visual_radio_1080p,Hype Visual Radio,http://streammix.alsolnet.com/hyperadio/live/playlist.m3u8,logos/tv_hype_visual_radio_1080p.png,poster/tv_hype_visual_radio_1080p-poster.png,background/tv_hype_visual_radio_1080p.jpg,"Música, General",Perú,es,Auto,tv,true
tv_cool_fm_989_720p,Cool FM 98.9,http://live2.tensila.com/cool-v-1.arubara/hls/master.m3u8,logos/tv_cool_fm_989_720p.png,poster/tv_cool_fm_989_720p-poster.png,background/tv_cool_fm_989_720p.jpg,"Música, General",Colombia,es,Auto,tv,true
tv_afrobeats_1080p,Afrobeats,http://stream.ecable.tv/afrobeats/index.m3u8,logos/tv_afrobeats_1080p.png,poster/tv_afrobeats_1080p-poster.png,background/tv_afrobeats_1080p.jpg,"Música, General",Internacional,es,Auto,tv,true
tv_m2o_tv_1080p,m2o TV,http://4c4b867c89244861ac216426883d1ad0.msvdn.net/live/S62628868/uhdWBlkC1AoO/playlist.m3u8,logos/tv_m2o_tv_1080p.png,poster/tv_m2o_tv_1080p-poster.png,background/tv_m2o_tv_1080p.jpg,"Música, General",Internacional,es,HD,tv,true
tv_dasding_908_720p,DA ING 90.8,http://swrdasdingvr-hls.akamaized.net/hls/live/2018681/dasdingvr/master.m3u8,logos/tv_dasding_908_720p.png,poster/tv_dasding_908_720p-poster.png,background/tv_dasding_908_720p.jpg,"Música, General",Internacional,es,SD,tv,true
tv_number_1_ask_720p,Number 1 Ask,http://b01c02nl.mediatriple.net/videoonlylive/mtkgeuihrlfwlive/u_stream_5c9e18f9cea15_1/playlist.m3u8,https://i.imgur.com/slwbux7.png,poster/tv_number_1_ask_720p-poster.png,background/tv_number_1_ask_720p.jpg,"Música, General",Internacional,es,Auto,tv,true
tv_number_1_tv_720p,Number 1 TV,http://b01c02nl.mediatriple.net/videoonlylive/mtkgeuihrlfwlive/broadcast_5c9e17cd59e8b.smil/playlist.m3u8,https://i.imgur.com/02cDIBi.png,poster/tv_number_1_tv_720p-poster.png,background/tv_number_1_tv_720p.jpg,"Música, General",Internacional,es,Auto,tv,true
tv_number_1_dance_720p,Number 1 Dance,http://b01c02nl.mediatriple.net/videoonlylive/mtkgeuihrlfwlive/u_stream_5c9e2aa8acf44_1/playlist.m3u8,https://i.imgur.com/ZM4PSyq.png,poster/tv_number_1_dance_720p-poster.png,background/tv_number_1_dance_720p.jpg,"Música, General",Internacional,es,Auto,tv,true
tv_sam_ibiza,SAM Ibiza,http://hls1.eu.peppermindmedia.com/av:vod1/SAMibiza/index.fmp4.m3u8,,poster/tv_sam_ibiza-poster.png,background/tv_sam_ibiza.jpg,"Música, General",Internacional,es,Auto,tv,true
tv_rtl_1025_best_1080p,RTL 102.5 Best,http://dd782ed59e2a4e86aabf6fc508674b59.msvdn.net/live/S76960628/OEPHRUIctA0M/playlist_video.m3u8,https://i.imgur.com/9PNlbaq.png,poster/tv_rtl_1025_best_1080p-poster.png,background/tv_rtl_1025_best_1080p.jpg,"Música, General",España,es,Auto,tv,true
tv_rtl_1025_napul_1080p,RTL 102.5 Napulé,http://dd782ed59e2a4e86aabf6fc508674b59.msvdn.net/live/S27134503/0f9AhuwKlhnZ/playlist_video.m3u8,logos/tv_rtl_1025_napul_1080p.png,poster/tv_rtl_1025_napul_1080p-poster.png,background/tv_rtl_1025_napul_1080p.jpg,"Música, General",Internacional,es,Auto,tv,true
tv_rtl_1025_tv_1080p,RTL 102.5 TV,http://dd782ed59e2a4e86aabf6fc508674b59.msvdn.net/live/S97044836/tbbP8T1ZRPBL/playlist_video.m3u8,logos/tv_rtl_1025_tv_1080p.png,poster/tv_rtl_1025_tv_1080p-poster.png,background/tv_rtl_1025_tv_1080p.jpg,"Música, General",Internacional,es,Auto,tv,true
tv_rtl_1025_brosis_1080p,RTL 102.5 Bro&Sis,http://dd782ed59e2a4e86aabf6fc508674b59.msvdn.net/live/S75007890/MUGHuxc9dQ3b/playlist_video.m3u8,logos/tv_rtl_1025_brosis_1080p.png,poster/tv_rtl_1025_brosis_1080p-poster.png,background/tv_rtl_1025_brosis_1080p.jpg,"Música, General",Internacional,es,Auto,tv,true
tv_pmc_royale_1080p,PMC Royale,http://pmcrohls.wns.live/hls/stream.m3u8,logos/tv_pmc_royale_1080p.png,poster/tv_pmc_royale_1080p-poster.png,background/tv_pmc_royale_1080p.jpg,"Música, General",Internacional,es,Auto,tv,true
tv_tdi_radio_tv,TDI Radio TV,http://peer2.tdiradio.com/static/streaming-playlists/hls/8f5d84ce-e8ac-4109-9975-9665f5605557/master.m3u8,logos/tv_tdi_radio_tv.png,poster/tv_tdi_radio_tv-poster.png,background/tv_tdi_radio_tv.jpg,"Música, General",Internacional,es,Auto,tv,true
tv_radio_karolina_tv_720p,Radio Karolina TV,http://peer2.tdiradio.com/static/streaming-playlists/hls/4207de1d-52e8-4591-ad9e-218069b864d1/0.m3u8,logos/tv_radio_karolina_tv_720p.png,poster/tv_radio_karolina_tv_720p-poster.png,background/tv_radio_karolina_tv_720p.jpg,"Música, General",Argentina,es,Auto,tv,true
tv_mezzo_1080p,Mezzo,http://viamotionhsi.netplus.ch/live/eds/mezzo/browser-HLS8/mezzo.m3u8,logos/tv_mezzo_1080p.png,poster/tv_mezzo_1080p-poster.png,background/tv_mezzo_1080p.jpg,"Música, General",Internacional,es,Auto,tv,true
tv_stingray_remember_the_80s,Stingray Remember the 80s,http://d39g1vxj2ef6in.cloudfront.net/v1/master/3fec3e5cac39a52b2132f9c66c83dae043dc17d4/prod-rakuten-stitched/master.m3u8?ads.xumo_channelId=88883071,https://i.imgur.com/duwc8E8.png,poster/tv_stingray_remember_the_80s-poster.png,background/tv_stingray_remember_the_80s.jpg,"Música, General",Internacional,es,Auto,tv,true
tv_stingray_hitlist,Stingray Hitlist,http://d39g1vxj2ef6in.cloudfront.net/v1/master/3fec3e5cac39a52b2132f9c66c83dae043dc17d4/prod-rakuten-stitched/master.m3u8?ads.xumo_channelId=88883054,https://i.imgur.com/lgpIwId.png,poster/tv_stingray_hitlist-poster.png,background/tv_stingray_hitlist.jpg,"Música, General",Internacional,es,Auto,tv,true
tv_stingray_greatest_hits,Stingray Greatest Hits,http://d39g1vxj2ef6in.cloudfront.net/v1/master/3fec3e5cac39a52b2132f9c66c83dae043dc17d4/prod-rakuten-stitched/master.m3u8?ads.xumo_channelId=88883053,,poster/tv_stingray_greatest_hits-poster.png,background/tv_stingray_greatest_hits.jpg,"Música, General",España,es,Auto,tv,true
tv_qello_concerts_by_stingray,Qello Concerts by Stingray,http://d39g1vxj2ef6in.cloudfront.net/v1/master/3fec3e5cac39a52b2132f9c66c83dae043dc17d4/prod-rakuten-stitched/master.m3u8?ads.xumo_channelId=88883052,https://i.imgur.com/IRyFTWq.png,poster/tv_qello_concerts_by_stingray-poster.png,background/tv_qello_concerts_by_stingray.jpg,"Música, General",Colombia,es,Auto,tv,true
tv_grupo_turbo_mixlink,GRUPO TURBO MIX,http://38.183.182.166:8000/play/a0yz/index.m3u8,logos/tv_grupo_turbo_mixlink.png,poster/tv_grupo_turbo_mixlink-poster.png,background/tv_grupo_turbo_mixlink.jpg,"Música, General",Internacional,es,Auto,tv,true
tv_nick_music,Nick Music,http://38.183.182.166:8000/play/a0rv/index.m3u8,,poster/tv_nick_music-poster.png,background/tv_nick_music.jpg,"Música, General",Internacional,es,Auto,tv,true
tv_stingray_concerts_hd,Stingray Concerts,http://38.183.182.166:8000/play/a0r7/index.m3u8,,poster/tv_stingray_concerts_hd-poster.png,background/tv_stingray_concerts_hd.jpg,"Música, General",Colombia,es,Auto,tv,true
tv_radio_pbo,RADIO,http://201.230.121.186:8000/play/a0jq/index.m3u8,,poster/tv_radio_pbo-poster.png,background/tv_radio_pbo.jpg,"Música, General",Internacional,es,Auto,tv,true
tv_video_rola,VIDEO ROLA,http://200.12.41.194:8000/play/a00d/index.m3u8,logos/tv_video_rola.png,poster/tv_video_rola-poster.png,background/tv_video_rola.jpg,"Música, General",Internacional,es,Auto,tv,true
tv_exa_tv,Exa TV,http://200.12.41.194:8000/play/a0hk/index.m3u8,logos/tv_exa_tv.png,poster/tv_exa_tv-poster.png,background/tv_exa_tv.jpg,"Música, General",Internacional,es,Auto,tv,true
tv_culturamic,CULTURAMIC,http://148.72.155.144:8000/play/a001/index.m3u8,logos/tv_culturamic.png,poster/tv_culturamic-poster.png,background/tv_culturamic.jpg,"Música, General",Internacional,es,Auto,tv,true
tv_cumbia_tv_flex,CUMBIA TV FLEX,http://148.72.155.144:8000/play/a01g/index.m3u8,logos/tv_cumbia_tv_flex.png,poster/tv_cumbia_tv_flex-poster.png,background/tv_cumbia_tv_flex.jpg,"Música, General",Internacional,es,Auto,tv,true
tv_cumbiabitel,CUMBIABITEL,http://148.72.155.144:8000/play/a046/index.m3u8,,poster/tv_cumbiabitel-poster.png,background/tv_cumbiabitel.jpg,"Música, General",Internacional,es,Auto,tv,true
tv_cumbiaecowire,CUMBIAECOWIRE,http://148.72.155.144:8000/play/a01y/index.m3u8,,poster/tv_cumbiaecowire-poster.png,background/tv_cumbiaecowire.jpg,"Música, General",Colombia,es,Auto,tv,true
tv_dataonlinemiccumbia,DATAONLINEMICCUMBIA,http://148.72.155.144:8000/play/a03k/index.m3u8,,poster/tv_dataonlinemiccumbia-poster.png,background/tv_dataonlinemiccumbia.jpg,"Música, General",Internacional,es,Auto,tv,true
tv_latinsalsa,LatinSalsa,http://148.72.155.144:8000/play/a00e/index.m3u8,logos/tv_latinsalsa.png,poster/tv_latinsalsa-poster.png,background/tv_latinsalsa.jpg,"Música, General",Internacional,es,Auto,tv,true
tv_mediaecowire,MEDIAECOWIRE,http://148.72.155.144:8000/play/a01z/index.m3u8,logos/tv_mediaecowire.png,poster/tv_mediaecowire-poster.png,background/tv_mediaecowire.jpg,"Música, General",Colombia,es,Auto,tv,true
tv_nativa,NATIVA,http://148.72.155.144:8000/play/a02j/index.m3u8,logos/tv_nativa.png,poster/tv_nativa-poster.png,background/tv_nativa.jpg,"Música, General",Internacional,es,Auto,tv,true
tv_salsabitel,SALSABITEL,http://148.72.155.144:8000/play/a043/index.m3u8,logos/tv_salsabitel.png,poster/tv_salsabitel-poster.png,background/tv_salsabitel.jpg,"Música, General",Internacional,es,Auto,tv,true
tv_salsaecowire,SALSAECOWIRE,http://148.72.155.144:8000/play/a01v/index.m3u8,logos/tv_salsaecowire.png,poster/tv_salsaecowire-poster.png,background/tv_salsaecowire.jpg,"Música, General",Colombia,es,Auto,tv,true
tv_mimusica_hits,MIMUSICA HITS,http://190.102.246.93:9005/play/a03f,,poster/tv_mimusica_hits-poster.png,background/tv_mimusica_hits.jpg,"Música, General",Internacional,es,Auto,tv,true
tv_mimusica_romantica,MIMUSICA ROMANTICA,http://190.102.246.93:9005/play/a03x,,poster/tv_mimusica_romantica-poster.png,background/tv_mimusica_romantica.jpg,"Música, General",Internacional,es,Auto,tv,true
tv_mx_fam,MX FAM,http://190.102.246.93:9005/play/a03i,logos/tv_mx_fam.png,poster/tv_mx_fam-poster.png,background/tv_mx_fam.jpg,"Música, General",México,es,Auto,tv,true
tv_turbo,TURBO,http://190.102.246.93:9005/play/a03u,logos/tv_turbo.png,poster/tv_turbo-poster.png,background/tv_turbo.jpg,"Música, General",Internacional,es,Auto,tv,true
tv_distrito_comedia,Distrito Comedia,http://38.183.182.166:8000/play/a0sk/index.m3u8,logos/tv_distrito_comedia.png,poster/tv_distrito_comedia-poster.png,background/tv_distrito_comedia.jpg,"Comedia, General",Colombia,es,Auto,tv,true
tv_djate_de_historias_tv,Déjate de Historias TV,http://limited44.todostreaming.es/live/dejatedeh-livestream.m3u8,logos/tv_djate_de_historias_tv.png,poster/tv_djate_de_historias_tv-poster.png,background/tv_djate_de_historias_tv.jpg,"Documentales, General",Internacional,es,Auto,tv,true
tv_ondambiental_tv_360p,Ondambiental TV,http://stmv4.voxtvhd.com.br/ondastereo/ondastereo/playlist.m3u8,https://i.imgur.com/u5804Au.jpg,poster/tv_ondambiental_tv_360p-poster.png,background/tv_ondambiental_tv_360p.jpg,"Documentales, General",Internacional,es,HD,tv,true
tv_stingray_naturescape,Stingray Naturescape,http://d39g1vxj2ef6in.cloudfront.net/v1/master/3fec3e5cac39a52b2132f9c66c83dae043dc17d4/prod-rakuten-stitched/master.m3u8?ads.xumo_channelId=88883056,https://i.imgur.com/882kd90.png,poster/tv_stingray_naturescape-poster.png,background/tv_stingray_naturescape.jpg,"Documentales, Música, General",España,es,Auto,tv,true
tv_europa_europa,Europa Europa,http://38.183.182.166:8000/play/a0sf/index.m3u8,,poster/tv_europa_europa-poster.png,background/tv_europa_europa.jpg,"Documentales, General",Internacional,es,Auto,tv,true
tv_history_2,History 2,http://38.183.182.166:8000/play/a0rp/index.m3u8,logos/tv_history_2.png,poster/tv_history_2-poster.png,background/tv_history_2.jpg,"Documentales, General",Internacional,es,Auto,tv,true
tv_history_channel_hd,History Channel,http://38.183.182.166:8000/play/a0v9/index.m3u8,logos/tv_history_channel_hd.png,poster/tv_history_channel_hd-poster.png,background/tv_history_channel_hd.jpg,"Documentales, General",Internacional,es,Auto,tv,true
tv_ipe_ever,IPE,http://38.183.182.166:8000/play/a13h/index.m3u8,logos/tv_ipe_ever.png,poster/tv_ipe_ever-poster.png,background/tv_ipe_ever.jpg,"Documentales, General",Perú,es,Auto,tv,true
tv_ipe_md2,IPE- MD2,http://38.183.182.166:8000/play/a12x/index.m3u8,logos/tv_ipe_md2.png,poster/tv_ipe_md2-poster.png,background/tv_ipe_md2.jpg,"Documentales, General",Perú,es,Auto,tv,true
tv_nat_geo_hd,Nat Geo,http://38.183.182.166:8000/play/a0vd/index.m3u8,,poster/tv_nat_geo_hd-poster.png,background/tv_nat_geo_hd.jpg,"Documentales, General",Internacional,es,Auto,tv,true
tv_tve,TVE,http://38.183.182.166:8000/play/a0t9/index.m3u8,logos/tv_tve.png,poster/tv_tve-poster.png,background/tv_tve.jpg,"Documentales, General",España,es,Auto,tv,true
tv_national_geographic,National Geographic,http://170.244.209.135:8000/play/a0fj/index.m3u8,logos/tv_national_geographic.png,poster/tv_national_geographic-poster.png,background/tv_national_geographic.jpg,"Documentales, General",Internacional,es,Auto,tv,true
tv_disc_theather_hd,DISC THEATHER,http://200.125.170.122:8000/play/a04i/index.m3u8,logos/tv_disc_theather_hd.png,poster/tv_disc_theather_hd-poster.png,background/tv_disc_theather_hd.jpg,"Documentales, General",Internacional,es,Auto,tv,true
tv_h2,H2,http://200.125.170.122:8000/play/a03z/index.m3u8,logos/tv_h2.png,poster/tv_h2-poster.png,background/tv_h2.jpg,"Documentales, General",Internacional,es,Auto,tv,true
tv_history_hd,History,http://200.125.170.122:8000/play/a0dc/index.m3u8,logos/tv_history_hd.png,poster/tv_history_hd-poster.png,background/tv_history_hd.jpg,"Documentales, General",Internacional,es,Auto,tv,true
tv_star_tve_hd,Star TVE,http://200.125.170.122:8000/play/a037/index.m3u8,logos/tv_star_tve_hd.png,poster/tv_star_tve_hd-poster.png,background/tv_star_tve_hd.jpg,"Documentales, General",España,es,Auto,tv,true
tv_ae_mundo,AE Mundo,http://201.230.121.186:8000/play/a0fm/index.m3u8,logos/tv_ae_mundo.png,poster/tv_ae_mundo-poster.png,background/tv_ae_mundo.jpg,"Documentales, General",Internacional,es,Auto,tv,true
tv_azteca_mundo,Azteca Mundo,http://200.12.41.194:8000/play/a0h8/index.m3u8,logos/tv_azteca_mundo.png,poster/tv_azteca_mundo-poster.png,background/tv_azteca_mundo.jpg,"Documentales, General",México,es,Auto,tv,true
tv_culturaecowire,CULTURAECOWIRE,http://148.72.155.144:8000/play/a01w/index.m3u8,logos/tv_culturaecowire.png,poster/tv_culturaecowire-poster.png,background/tv_culturaecowire.jpg,"Documentales, General",Colombia,es,Auto,tv,true
tv_cwpcultura,cwpcultura,http://148.72.155.144:8000/play/a00a/index.m3u8,logos/tv_cwpcultura.png,poster/tv_cwpcultura-poster.png,background/tv_cwpcultura.jpg,"Documentales, General",Internacional,es,Auto,tv,true
tv_az_mundo,AZ MUNDO,http://190.102.246.93:9005/play/a02y,logos/tv_az_mundo.png,poster/tv_az_mundo-poster.png,background/tv_az_mundo.jpg,"Documentales, General",Internacional,es,Auto,tv,true
tv_suyapa_educativa_free,SUYAPA EDUCATIVA,http://181.189.244.252:8000/play/a036/index.m3u8,logos/tv_suyapa_educativa_free.png,poster/tv_suyapa_educativa_free-poster.png,background/tv_suyapa_educativa_free.jpg,"Educativo, General",Internacional,es,Auto,tv,true
tv_soy_plancha_tv_720p,SOY Plancha TV,http://59ef525c24caa.streamlock.net/vmtv/soyplancha/playlist.m3u8,logos/tv_soy_plancha_tv_720p.png,poster/tv_soy_plancha_tv_720p-poster.png,background/tv_soy_plancha_tv_720p.jpg,"Estilo de Vida, General",Internacional,es,Auto,tv,true
tv_tastemade_en,Tastemade EN,http://cdn-uw2-prod.tsv2.amagi.tv/linear/amg00047-tastemade-tastemadeinternationalenglish24i-ono/playlist.m3u8,logos/tv_tastemade_en.png,poster/tv_tastemade_en-poster.png,background/tv_tastemade_en.jpg,"Estilo de Vida, General",Internacional,es,Auto,tv,true
tv_tastemade,Tastemade,http://cdn-uw2-prod.tsv2.amagi.tv/linear/amg00047-tastemade-tastemadees16international24i-ono/playlist.m3u8,logos/tv_tastemade.png,poster/tv_tastemade-poster.png,background/tv_tastemade.jpg,"Estilo de Vida, General",Internacional,es,Auto,tv,true
tv_cosmolink,COSMO,http://38.183.182.166:8000/play/a0z1/index.m3u8,logos/tv_cosmolink.png,poster/tv_cosmolink-poster.png,background/tv_cosmolink.jpg,"Estilo de Vida, General",Colombia,es,Auto,tv,true
tv_el_gourmet_hd,El Gourmet,http://38.183.182.166:8000/play/a0vc/index.m3u8,logos/tv_el_gourmet_hd.png,poster/tv_el_gourmet_hd-poster.png,background/tv_el_gourmet_hd.jpg,"Estilo de Vida, General",Internacional,es,Auto,tv,true
tv_mschic,MÆsChic,http://38.183.182.166:8000/play/a0s1/index.m3u8,logos/tv_mschic.png,poster/tv_mschic-poster.png,background/tv_mschic.jpg,"Estilo de Vida, General",Internacional,es,Auto,tv,true
tv_home_health_hd,Home & Health,http://200.125.170.122:8000/play/a04j/index.m3u8,logos/tv_home_health_hd.png,poster/tv_home_health_hd-poster.png,background/tv_home_health_hd.jpg,"Estilo de Vida, General",Internacional,es,Auto,tv,true
tv_home_garden_latino,Home Garden Latino,http://200.125.170.122:8000/play/a007/index.m3u8,logos/tv_home_garden_latino.png,poster/tv_home_garden_latino-poster.png,background/tv_home_garden_latino.jpg,"Estilo de Vida, General",Argentina,es,Auto,tv,true
tv_mas_chic,Mas Chic,http://200.125.170.122:8000/play/a004/index.m3u8,,poster/tv_mas_chic-poster.png,background/tv_mas_chic.jpg,"Estilo de Vida, General",Internacional,es,Auto,tv,true
tv_home_and_health,Home and Health,http://201.230.121.186:8000/play/a0ec/index.m3u8,logos/tv_home_and_health.png,poster/tv_home_and_health-poster.png,background/tv_home_and_health.jpg,"Estilo de Vida, General",Internacional,es,Auto,tv,true
tv_clover_hd,Clover,http://190.102.246.93:9005/play/a028,,poster/tv_clover_hd-poster.png,background/tv_clover_hd.jpg,"Estilo de Vida, General",Chile,es,Auto,tv,true
tv_gourmet,GOURMET,http://190.102.246.93:9005/play/a03b,logos/tv_gourmet.png,poster/tv_gourmet-poster.png,background/tv_gourmet.jpg,"Estilo de Vida, General",Internacional,es,Auto,tv,true
tv_de_pelcula,De PelŦcula,http://38.183.182.166:8000/play/a0xo/index.m3u8,,poster/tv_de_pelcula-poster.png,background/tv_de_pelcula.jpg,General,Perú,es,Auto,tv,true
tv_popu_tv,POPU TV,http://201.230.121.186:8000/play/a0pd/index.m3u8,,poster/tv_popu_tv-poster.png,background/tv_popu_tv.jpg,General,Internacional,es,Auto,tv,true
tv_backbeat,BACKBEAT,http://200.12.41.194:8000/play/a06x/index.m3u8,logos/tv_backbeat.png,poster/tv_backbeat-poster.png,background/tv_backbeat.jpg,General,Internacional,es,Auto,tv,true
tv_culturabitel,CULTURABITEL,http://148.72.155.144:8000/play/a044/index.m3u8,logos/tv_culturabitel.png,poster/tv_culturabitel-poster.png,background/tv_culturabitel.jpg,General,Internacional,es,Auto,tv,true
tv_city_tv,City TV,http://179.51.136.19:8000/play/a1gj/index.m3u8,,poster/tv_city_tv-poster.png,background/tv_city_tv.jpg,General,Internacional,es,Auto,tv,true
tv_holatv,Hola!TV,http://179.51.136.19:8000/play/a0z3/index.m3u8,logos/tv_holatv.png,poster/tv_holatv-poster.png,background/tv_holatv.jpg,General,Internacional,es,Auto,tv,true
tv_per_mgico,Perœ MÆgico,http://179.51.136.19:8000/play/a1n0/index.m3u8,logos/tv_per_mgico.png,poster/tv_per_mgico-poster.png,background/tv_per_mgico.jpg,General,Colombia,es,Auto,tv,true
tv_rec_tv,REC TV,http://179.51.136.19:8000/play/a1i0/index.m3u8,logos/tv_rec_tv.png,poster/tv_rec_tv-poster.png,background/tv_rec_tv.jpg,General,Internacional,es,Auto,tv,true
tv_t13,T13,http://179.51.136.19:8000/play/a1i1/index.m3u8,logos/tv_t13.png,poster/tv_t13-poster.png,background/tv_t13.jpg,General,Internacional,es,Auto,tv,true
tv_ucl,UCL,http://179.51.136.19:8000/play/a1i5/index.m3u8,,poster/tv_ucl-poster.png,background/tv_ucl.jpg,General,Chile,es,Auto,tv,true
tv_bloomberg_europe_en,Bloomberg Europe EN,http://www.bloomberg.com/media-manifest/streams/eu.m3u8,https://pbs.twimg.com/profile_images/991792042094354432/DG1Ruupb_200x200.jpg,poster/tv_bloomberg_europe_en-poster.png,background/tv_bloomberg_europe_en.jpg,"Negocios, General",Perú,es,Auto,tv,true
tv_life_time,LIFE TIME,http://200.125.170.122:8000/play/a0d0/index.m3u8,logos/tv_life_time.png,poster/tv_life_time-poster.png,background/tv_life_time.jpg,"Religioso, General",Internacional,es,Auto,tv,true
tv_atres_series_hd,ATRES SERIES,http://38.183.182.166:8000/play/a104/index.m3u8,logos/tv_atres_series_hd.png,poster/tv_atres_series_hd-poster.png,background/tv_atres_series_hd.jpg,"Series, General",España,es,Auto,tv,true
tv_kanal_d_drama,Kanal D Drama,http://38.250.127.17:9800/play/a076/index.m3u8,logos/tv_kanal_d_drama.png,poster/tv_kanal_d_drama-poster.png,background/tv_kanal_d_drama.jpg,"Series, General",Internacional,es,Auto,tv,true
